7.483329772949218750e+01,1.160050888061523438e+02,1.744726409912109375e+02,9.147378540039062500e+01,1.227121658325195312e+02,1.391236267089843750e+02,1.137959442138671875e+02,1.883536224365234375e+02,1.675529327392578125e+02,1.740931243896484375e+02
7.926012420654296875e+01,1.026818389892578125e+02,1.748342895507812500e+02,1.044221878051757812e+02,1.354751739501953125e+02,1.496778259277343750e+02,9.542668914794921875e+01,1.747414398193359375e+02,1.584228820800781250e+02,1.753109893798828125e+02
8.277536773681640625e+01,1.034681396484375000e+02,1.790189361572265625e+02,1.033380737304687500e+02,1.208620605468750000e+02,1.573534698486328125e+02,1.057352981567382812e+02,1.831779327392578125e+02,1.606912994384765625e+02,1.833968200683593750e+02
8.543872833251953125e+01,9.452725982666015625e+01,1.712634429931640625e+02,1.121480636596679688e+02,1.055441741943359375e+02,1.268549804687500000e+02,7.810083007812500000e+01,1.648451538085937500e+02,1.321853790283203125e+02,1.775690917968750000e+02
8.268811798095703125e+01,9.414517974853515625e+01,1.798699798583984375e+02,1.132414932250976562e+02,1.195432434082031250e+02,1.558198089599609375e+02,8.982727813720703125e+01,1.803908386230468750e+02,1.421955871582031250e+02,1.890041961669921875e+02
8.658550262451171875e+01,1.104415054321289062e+02,1.728334960937500000e+02,9.711318206787109375e+01,1.491537170410156250e+02,1.458565063476562500e+02,1.051591262817382812e+02,1.764713287353515625e+02,1.645368041992187500e+02,1.673504333496093750e+02
8.019909667968750000e+01,1.103758926391601562e+02,1.678310546875000000e+02,9.714241027832031250e+01,1.230810012817382812e+02,1.461192169189453125e+02,1.075328140258789062e+02,1.789154510498046875e+02,1.671491699218750000e+02,1.682756652832031250e+02
8.066600036621093750e+01,9.897057342529296875e+01,1.753987274169921875e+02,1.084555130004882812e+02,1.085280990600585938e+02,1.409434204101562500e+02,8.837800598144531250e+01,1.753971557617187500e+02,1.443673248291015625e+02,1.821752471923828125e+02
8.178125000000000000e+01,1.191338195800781250e+02,1.655863189697265625e+02,8.836331176757812500e+01,1.159005813598632812e+02,1.517065582275390625e+02,1.131862945556640625e+02,1.802597961425781250e+02,1.769837799072265625e+02,1.623171844482421875e+02
8.825898742675781250e+01,9.733414459228515625e+01,1.694785614013671875e+02,1.094127120971679688e+02,1.408918762207031250e+02,1.492825012207031250e+02,8.360720062255859375e+01,1.637412719726562500e+02,1.482728118896484375e+02,1.738515014648437500e+02
8.114938354492187500e+01,1.054502334594726562e+02,1.758183898925781250e+02,1.013838958740234375e+02,1.378158264160156250e+02,1.489776306152343750e+02,9.353241729736328125e+01,1.688102264404296875e+02,1.698611145019531250e+02,1.651856842041015625e+02
7.404363250732421875e+01,1.072794036865234375e+02,1.797136230468750000e+02,9.969483184814453125e+01,1.201237869262695312e+02,1.524081878662109375e+02,9.560642242431640625e+01,1.759818725585937500e+02,1.729537353515625000e+02,1.710830841064453125e+02
8.304134368896484375e+01,8.770446014404296875e+01,1.764776611328125000e+02,1.196256332397460938e+02,1.049825134277343750e+02,1.335128631591796875e+02,7.911476898193359375e+01,1.601665649414062500e+02,1.427025604248046875e+02,1.819752960205078125e+02
7.328750610351562500e+01,1.111995315551757812e+02,1.794090576171875000e+02,9.590769195556640625e+01,1.207169723510742188e+02,1.471702270507812500e+02,9.988253784179687500e+01,1.805495605468750000e+02,1.744376525878906250e+02,1.728344573974609375e+02
7.915043640136718750e+01,9.766821289062500000e+01,1.810583801269531250e+02,1.096786346435546875e+02,1.231256561279296875e+02,1.520811157226562500e+02,9.223938751220703125e+01,1.810204620361328125e+02,1.459710998535156250e+02,1.872044067382812500e+02
8.370161437988281250e+01,1.099372558593750000e+02,1.654194030761718750e+02,9.692050170898437500e+01,1.221121292114257812e+02,1.399743194580078125e+02,1.052948989868164062e+02,1.789628143310546875e+02,1.624854278564453125e+02,1.686157226562500000e+02
6.832953643798828125e+01,1.099779129028320312e+02,1.872701110839843750e+02,9.770401000976562500e+01,1.396737976074218750e+02,1.401440429687500000e+02,1.053990783691406250e+02,1.953384552001953125e+02,1.655248870849609375e+02,1.866869506835937500e+02
8.637591552734375000e+01,9.890296173095703125e+01,1.747243041992187500e+02,1.084726486206054688e+02,1.322823944091796875e+02,1.382825164794921875e+02,1.005715255737304688e+02,1.802965698242187500e+02,1.533007659912109375e+02,1.857041320800781250e+02
8.374423217773437500e+01,1.149344329833984375e+02,1.704344787597656250e+02,9.296534729003906250e+01,1.098148651123046875e+02,1.233403244018554688e+02,1.054357986450195312e+02,1.823899688720703125e+02,1.547232513427734375e+02,1.695868072509765625e+02
7.594584655761718750e+01,1.141479797363281250e+02,1.695092010498046875e+02,9.353307342529296875e+01,1.385201263427734375e+02,1.391878662109375000e+02,1.064627990722656250e+02,1.770758056640625000e+02,1.704379730224609375e+02,1.603568572998046875e+02
8.198542022705078125e+01,1.050072479248046875e+02,1.782668609619140625e+02,1.023331146240234375e+02,1.289396362304687500e+02,1.532032318115234375e+02,1.041019058227539062e+02,1.723763122558593750e+02,1.692897186279296875e+02,1.688479309082031250e+02
8.677775573730468750e+01,9.193083953857421875e+01,1.819999084472656250e+02,1.156153793334960938e+02,1.256779861450195312e+02,1.366411285400390625e+02,8.165060424804687500e+01,1.589515838623046875e+02,1.559874420166015625e+02,1.799444427490234375e+02
7.850881958007812500e+01,9.124298095703125000e+01,1.826850738525390625e+02,1.160767517089843750e+02,1.308300018310546875e+02,1.552220153808593750e+02,8.622088623046875000e+01,1.785392913818359375e+02,1.418556213378906250e+02,1.921575622558593750e+02
7.610311126708984375e+01,1.096100997924804688e+02,1.780823974609375000e+02,9.766311645507812500e+01,1.368020172119140625e+02,1.469334411621093750e+02,9.761708068847656250e+01,1.754629364013671875e+02,1.750754394531250000e+02,1.649660644531250000e+02
7.268095397949218750e+01,9.983169555664062500e+01,1.848892211914062500e+02,1.074679718017578125e+02,1.409482574462890625e+02,1.599715881347656250e+02,8.226023864746093750e+01,1.748369903564453125e+02,1.555783081054687500e+02,1.775130004882812500e+02
8.028282165527343750e+01,1.166350555419921875e+02,1.685522003173828125e+02,9.079029083251953125e+01,1.487779083251953125e+02,1.383544311523437500e+02,1.104482803344726562e+02,1.774869232177734375e+02,1.796211547851562500e+02,1.570711059570312500e+02
7.850769042968750000e+01,1.131306304931640625e+02,1.695330810546875000e+02,9.480170440673828125e+01,1.163901824951171875e+02,1.407623748779296875e+02,9.476257324218750000e+01,1.694724884033203125e+02,1.711882934570312500e+02,1.577649383544921875e+02
7.947035980224609375e+01,9.720655059814453125e+01,1.786391754150390625e+02,1.094831695556640625e+02,1.230573272705078125e+02,1.586982574462890625e+02,8.793939971923828125e+01,1.675009460449218750e+02,1.555363464355468750e+02,1.768513793945312500e+02
7.477544403076171875e+01,9.449847412109375000e+01,1.875878295898437500e+02,1.127876129150390625e+02,1.310915527343750000e+02,1.308666381835937500e+02,8.792475128173828125e+01,1.778813781738281250e+02,1.487486114501953125e+02,1.864334716796875000e+02
7.441513824462890625e+01,1.062496032714843750e+02,1.730193939208984375e+02,1.007420654296875000e+02,1.351567687988281250e+02,1.324227447509765625e+02,8.803179931640625000e+01,1.716629943847656250e+02,1.649236145019531250e+02,1.671324768066406250e+02
7.895891571044921875e+01,1.046650314331054688e+02,1.761725006103515625e+02,1.026498870849609375e+02,1.245909957885742188e+02,1.458764648437500000e+02,9.206616973876953125e+01,1.700682373046875000e+02,1.668367309570312500e+02,1.687028045654296875e+02
6.775282287597656250e+01,1.055384597778320312e+02,1.855704193115234375e+02,1.018457794189453125e+02,1.408094329833984375e+02,1.615747375488281250e+02,1.006651458740234375e+02,1.923171997070312500e+02,1.577561492919921875e+02,1.884681701660156250e+02
7.907542419433593750e+01,9.920709991455078125e+01,1.736877746582031250e+02,1.076241302490234375e+02,1.260737380981445312e+02,1.340899658203125000e+02,9.515080261230468750e+01,1.761207733154296875e+02,1.491644134521484375e+02,1.824115447998046875e+02
8.112378692626953125e+01,1.049492492675781250e+02,1.792949981689453125e+02,1.015532684326171875e+02,1.180953292846679688e+02,1.627599334716796875e+02,1.080849533081054688e+02,1.776977539062500000e+02,1.677241821289062500e+02,1.790651245117187500e+02
8.956467437744140625e+01,8.884385681152343750e+01,1.750466918945312500e+02,1.183246765136718750e+02,1.460901489257812500e+02,1.377434082031250000e+02,8.796538543701171875e+01,1.692882385253906250e+02,1.421205444335937500e+02,1.851455688476562500e+02
8.536524963378906250e+01,9.888063812255859375e+01,1.725068817138671875e+02,1.081153717041015625e+02,1.353220367431640625e+02,1.403893585205078125e+02,9.310634613037109375e+01,1.709964904785156250e+02,1.525530242919921875e+02,1.745899505615234375e+02
6.956256103515625000e+01,1.042959518432617188e+02,1.874265136718750000e+02,1.027833251953125000e+02,1.356296844482421875e+02,1.484845123291015625e+02,9.793653869628906250e+01,1.831184539794921875e+02,1.644030151367187500e+02,1.811341094970703125e+02
7.135669708251953125e+01,1.026122283935546875e+02,1.810120697021484375e+02,1.047762908935546875e+02,1.239526443481445312e+02,1.607408447265625000e+02,9.384867095947265625e+01,1.849212799072265625e+02,1.565137634277343750e+02,1.855063629150390625e+02
7.905442810058593750e+01,1.136318588256835938e+02,1.684803314208984375e+02,9.414158630371093750e+01,1.267706375122070312e+02,1.383683776855468750e+02,1.003460998535156250e+02,1.838219757080078125e+02,1.624176635742187500e+02,1.730580291748046875e+02
8.255865478515625000e+01,9.784572601318359375e+01,1.752228088378906250e+02,1.100420684814453125e+02,1.385471343994140625e+02,1.447210845947265625e+02,9.130462646484375000e+01,1.738809814453125000e+02,1.528048706054687500e+02,1.806705017089843750e+02
8.269857788085937500e+01,8.933522033691406250e+01,1.764044189453125000e+02,1.181147766113281250e+02,1.111158905029296875e+02,1.396086883544921875e+02,8.139043426513671875e+01,1.698598022460937500e+02,1.424357147216796875e+02,1.858342895507812500e+02
7.633165740966796875e+01,1.041359329223632812e+02,1.856398620605468750e+02,1.030293655395507812e+02,1.444436187744140625e+02,1.328650512695312500e+02,9.768378448486328125e+01,1.753708953857421875e+02,1.683476104736328125e+02,1.752216644287109375e+02
8.450273132324218750e+01,1.042005157470703125e+02,1.752740478515625000e+02,1.029509429931640625e+02,1.383760986328125000e+02,1.481622161865234375e+02,9.167560577392578125e+01,1.667341003417968750e+02,1.648767242431640625e+02,1.632359313964843750e+02
7.830358886718750000e+01,9.382489013671875000e+01,1.786591339111328125e+02,1.134785461425781250e+02,1.329087982177734375e+02,1.444084320068359375e+02,8.691603088378906250e+01,1.723435516357421875e+02,1.474620513916015625e+02,1.817521362304687500e+02
8.240656280517578125e+01,1.047136535644531250e+02,1.708728637695312500e+02,1.020605850219726562e+02,1.525271148681640625e+02,1.322474365234375000e+02,1.105139312744140625e+02,1.862333068847656250e+02,1.661248321533203125e+02,1.832879486083984375e+02
8.717480468750000000e+01,1.028556213378906250e+02,1.721731719970703125e+02,1.044561767578125000e+02,1.441996154785156250e+02,1.409425506591796875e+02,9.845437622070312500e+01,1.692389526367187500e+02,1.601496124267578125e+02,1.704681243896484375e+02
7.956054687500000000e+01,9.635114288330078125e+01,1.806414031982421875e+02,1.107546691894531250e+02,1.280502624511718750e+02,1.508037261962890625e+02,8.891315460205078125e+01,1.716003112792968750e+02,1.546278839111328125e+02,1.809396362304687500e+02
7.671828460693359375e+01,9.255583190917968750e+01,1.916852569580078125e+02,1.153490371704101562e+02,1.177520828247070312e+02,1.613382873535156250e+02,9.361763000488281250e+01,1.790153350830078125e+02,1.537815551757812500e+02,1.901000518798828125e+02
8.230892944335937500e+01,9.274761962890625000e+01,1.766614074707031250e+02,1.142952117919921875e+02,1.511065216064453125e+02,1.414031982421875000e+02,9.575598907470703125e+01,1.785636291503906250e+02,1.493394775390625000e+02,1.886439666748046875e+02
8.167835998535156250e+01,9.302298736572265625e+01,1.848816680908203125e+02,1.147266082763671875e+02,1.232629165649414062e+02,1.482478790283203125e+02,8.398399353027343750e+01,1.649214019775390625e+02,1.563081817626953125e+02,1.820031890869140625e+02
8.317520141601562500e+01,1.087100982666015625e+02,1.681955718994140625e+02,9.842899322509765625e+01,1.405666656494140625e+02,1.457668457031250000e+02,1.029510955810546875e+02,1.737540740966796875e+02,1.639393768310546875e+02,1.618190307617187500e+02
7.776765441894531250e+01,1.079152145385742188e+02,1.761930694580078125e+02,9.928939056396484375e+01,1.251559524536132812e+02,1.475596466064453125e+02,1.046064910888671875e+02,1.741927642822265625e+02,1.761472930908203125e+02,1.660079803466796875e+02
8.343945312500000000e+01,1.126451110839843750e+02,1.701293334960937500e+02,9.537713623046875000e+01,1.387988128662109375e+02,1.209829483032226562e+02,1.144208297729492188e+02,1.758756866455078125e+02,1.704315643310546875e+02,1.645051727294921875e+02
8.244760131835937500e+01,1.101490478515625000e+02,1.749251251220703125e+02,9.721093750000000000e+01,1.505870666503906250e+02,1.246479492187500000e+02,1.214772949218750000e+02,1.779413909912109375e+02,1.758021697998046875e+02,1.683752136230468750e+02
7.694760131835937500e+01,1.053147354125976562e+02,1.799573669433593750e+02,1.013450393676757812e+02,1.309406585693359375e+02,1.584329376220703125e+02,1.033209915161132812e+02,1.815348358154296875e+02,1.651840972900390625e+02,1.800915069580078125e+02
8.050279998779296875e+01,9.923731231689453125e+01,1.731911773681640625e+02,1.080337524414062500e+02,1.273551406860351562e+02,1.256308670043945312e+02,9.210678100585937500e+01,1.754436950683593750e+02,1.478300628662109375e+02,1.791534881591796875e+02
8.536915588378906250e+01,9.675205993652343750e+01,1.769335327148437500e+02,1.106358108520507812e+02,1.245582504272460938e+02,1.406964874267578125e+02,8.567557525634765625e+01,1.625119628906250000e+02,1.569134979248046875e+02,1.734584960937500000e+02
7.800234222412109375e+01,1.178017501831054688e+02,1.707513427734375000e+02,9.024892425537109375e+01,1.357839355468750000e+02,1.338543853759765625e+02,1.107855453491210938e+02,1.771780090332031250e+02,1.779589233398437500e+02,1.589441833496093750e+02
8.284233856201171875e+01,9.071508026123046875e+01,1.865565948486328125e+02,1.171574096679687500e+02,1.340208892822265625e+02,1.373315734863281250e+02,8.293331909179687500e+01,1.666125488281250000e+02,1.544102630615234375e+02,1.830454406738281250e+02
7.920893859863281250e+01,1.135408172607421875e+02,1.715743103027343750e+02,9.367971801757812500e+01,1.473089904785156250e+02,1.434529571533203125e+02,1.028142471313476562e+02,1.766324462890625000e+02,1.762341613769531250e+02,1.637963562011718750e+02
8.015106964111328125e+01,9.838027954101562500e+01,1.785175018310546875e+02,1.090441360473632812e+02,1.368532257080078125e+02,1.428071746826171875e+02,9.743869018554687500e+01,1.848605041503906250e+02,1.450011138916015625e+02,1.866887359619140625e+02
8.029837036132812500e+01,1.157416534423828125e+02,1.653870849609375000e+02,9.172209930419921875e+01,1.478549194335937500e+02,1.318526306152343750e+02,1.194266510009765625e+02,1.850262756347656250e+02,1.748937530517578125e+02,1.710823822021484375e+02
8.175386047363281250e+01,1.044817047119140625e+02,1.777305297851562500e+02,1.023807525634765625e+02,1.229629592895507812e+02,1.356673431396484375e+02,9.331479644775390625e+01,1.687645416259765625e+02,1.694970245361328125e+02,1.698235778808593750e+02
7.540854644775390625e+01,1.125308609008789062e+02,1.726643371582031250e+02,9.476527404785156250e+01,1.413462219238281250e+02,1.398985595703125000e+02,9.585218811035156250e+01,1.771661682128906250e+02,1.725039825439453125e+02,1.630839996337890625e+02
7.607830047607421875e+01,9.598696136474609375e+01,1.849994964599609375e+02,1.113836364746093750e+02,1.232733764648437500e+02,1.412851715087890625e+02,8.649028778076171875e+01,1.745482635498046875e+02,1.526826171875000000e+02,1.849430999755859375e+02
8.044253540039062500e+01,9.822667694091796875e+01,1.794077453613281250e+02,1.093280334472656250e+02,1.161959152221679688e+02,1.407304687500000000e+02,8.967115020751953125e+01,1.768457641601562500e+02,1.536114959716796875e+02,1.844764709472656250e+02
8.292919158935546875e+01,9.711076354980468750e+01,1.830570983886718750e+02,1.103312530517578125e+02,1.236623840332031250e+02,1.448130645751953125e+02,8.797789001464843750e+01,1.618815002441406250e+02,1.665884704589843750e+02,1.723601684570312500e+02
8.067642974853515625e+01,1.218806304931640625e+02,1.630132598876953125e+02,8.609806823730468750e+01,1.222201080322265625e+02,1.455321655273437500e+02,1.219096527099609375e+02,1.842243652343750000e+02,1.779265594482421875e+02,1.633774566650390625e+02
7.978133392333984375e+01,1.068160705566406250e+02,1.773161773681640625e+02,1.006153182983398438e+02,1.403601684570312500e+02,1.226629104614257812e+02,1.093656082153320312e+02,1.720555572509765625e+02,1.701219635009765625e+02,1.698009643554687500e+02
7.918282318115234375e+01,1.097243652343750000e+02,1.742301483154296875e+02,9.766320800781250000e+01,1.402798156738281250e+02,1.480529937744140625e+02,1.002162704467773438e+02,1.792710571289062500e+02,1.654470672607421875e+02,1.700193023681640625e+02
8.961127471923828125e+01,1.011607437133789062e+02,1.686535644531250000e+02,1.054044876098632812e+02,1.101115722656250000e+02,1.333177490234375000e+02,9.807033538818359375e+01,1.746083374023437500e+02,1.467633361816406250e+02,1.801231842041015625e+02
7.323370361328125000e+01,1.018480148315429688e+02,1.844436340332031250e+02,1.052648315429687500e+02,1.288748626708984375e+02,1.494845123291015625e+02,9.248250579833984375e+01,1.770336914062500000e+02,1.623722076416015625e+02,1.790105743408203125e+02
8.345502471923828125e+01,1.067536087036132812e+02,1.668027191162109375e+02,1.007980117797851562e+02,1.401455688476562500e+02,1.332072601318359375e+02,1.102215881347656250e+02,1.774278411865234375e+02,1.658669281005859375e+02,1.703700714111328125e+02
7.814430236816406250e+01,9.995388793945312500e+01,1.772170410156250000e+02,1.072854232788085938e+02,1.381764678955078125e+02,1.348971405029296875e+02,1.002837982177734375e+02,1.851117095947265625e+02,1.525077209472656250e+02,1.848173370361328125e+02
8.101477813720703125e+01,1.146002578735351562e+02,1.655715332031250000e+02,9.295109558105468750e+01,1.205988311767578125e+02,1.441108093261718750e+02,1.130553970336914062e+02,1.809385070800781250e+02,1.666558074951171875e+02,1.662875518798828125e+02
8.157878112792968750e+01,1.091684265136718750e+02,1.724880828857421875e+02,9.809797668457031250e+01,1.158742599487304688e+02,1.459218292236328125e+02,1.043980484008789062e+02,1.797870483398437500e+02,1.587290802001953125e+02,1.752820281982421875e+02
8.171804046630859375e+01,9.929690551757812500e+01,1.773015441894531250e+02,1.081459045410156250e+02,1.250232391357421875e+02,1.381672668457031250e+02,8.956708526611328125e+01,1.722614440917968750e+02,1.530431518554687500e+02,1.789150848388671875e+02
8.133061981201171875e+01,1.041340255737304688e+02,1.766806640625000000e+02,1.029680786132812500e+02,1.249791030883789062e+02,1.507577209472656250e+02,9.481462097167968750e+01,1.725944519042968750e+02,1.630515441894531250e+02,1.730947113037109375e+02
9.102853393554687500e+01,1.014106903076171875e+02,1.681880187988281250e+02,1.059613113403320312e+02,1.013294143676757812e+02,1.336893463134765625e+02,9.210516357421875000e+01,1.664376831054687500e+02,1.520763702392578125e+02,1.737106781005859375e+02
8.559729003906250000e+01,9.648690795898437500e+01,1.777967834472656250e+02,1.106870880126953125e+02,1.263719406127929688e+02,1.355361022949218750e+02,9.495167541503906250e+01,1.690331878662109375e+02,1.529750213623046875e+02,1.772632598876953125e+02
8.100604248046875000e+01,1.182620468139648438e+02,1.689574279785156250e+02,8.898780059814453125e+01,1.301440429687500000e+02,1.377655181884765625e+02,1.069498748779296875e+02,1.746897277832031250e+02,1.791708374023437500e+02,1.527604827880859375e+02
8.886981201171875000e+01,1.065247726440429688e+02,1.701321105957031250e+02,1.007597045898437500e+02,1.459270782470703125e+02,1.492700347900390625e+02,9.835282897949218750e+01,1.814618835449218750e+02,1.482620239257812500e+02,1.762959136962890625e+02
7.518582153320312500e+01,1.050742263793945312e+02,1.782567443847656250e+02,1.018106002807617188e+02,1.376770019531250000e+02,1.568710327148437500e+02,9.332915496826171875e+01,1.774674682617187500e+02,1.579568786621093750e+02,1.750384979248046875e+02
7.423139953613281250e+01,1.021603393554687500e+02,1.750558319091796875e+02,1.050289916992187500e+02,1.380645294189453125e+02,1.495161590576171875e+02,8.991340637207031250e+01,1.749163970947265625e+02,1.544295501708984375e+02,1.767612304687500000e+02
8.267713928222656250e+01,9.950651550292968750e+01,1.767275238037109375e+02,1.080067749023437500e+02,1.325002746582031250e+02,1.254940643310546875e+02,9.911721038818359375e+01,1.762697296142578125e+02,1.535235137939453125e+02,1.800898590087890625e+02
7.648069763183593750e+01,1.168365554809570312e+02,1.749514770507812500e+02,9.051582336425781250e+01,1.241962890625000000e+02,1.133760299682617188e+02,1.094691162109375000e+02,1.765612030029296875e+02,1.802205810546875000e+02,1.583439636230468750e+02
8.276075744628906250e+01,1.068666305541992188e+02,1.745328521728515625e+02,1.000683059692382812e+02,1.283928680419921875e+02,1.424736175537109375e+02,9.689266204833984375e+01,1.728599700927734375e+02,1.704748229980468750e+02,1.671326599121093750e+02
9.133986663818359375e+01,1.074022064208984375e+02,1.630299987792968750e+02,1.001490936279296875e+02,1.403529357910156250e+02,1.301062469482421875e+02,1.022562179565429688e+02,1.681609039306640625e+02,1.552699127197265625e+02,1.661329650878906250e+02
8.944388580322265625e+01,8.900485229492187500e+01,1.736169128417968750e+02,1.190089721679687500e+02,1.278163375854492188e+02,1.457152099609375000e+02,8.025034332275390625e+01,1.626426544189453125e+02,1.365150909423828125e+02,1.829076080322265625e+02
8.307250213623046875e+01,9.948296356201171875e+01,1.780408325195312500e+02,1.079634246826171875e+02,1.473244476318359375e+02,1.411171722412109375e+02,8.872377014160156250e+01,1.660338897705078125e+02,1.566978149414062500e+02,1.755219116210937500e+02
7.163996124267578125e+01,9.839073181152343750e+01,1.878622894287109375e+02,1.090090637207031250e+02,1.263126831054687500e+02,1.225425872802734375e+02,9.296270751953125000e+01,1.714028167724609375e+02,1.577671356201171875e+02,1.772289733886718750e+02
7.911300659179687500e+01,1.080956497192382812e+02,1.769423217773437500e+02,9.887344360351562500e+01,1.573767852783203125e+02,1.422460174560546875e+02,9.948593139648437500e+01,1.811774139404296875e+02,1.666962432861328125e+02,1.704861297607421875e+02
8.121602630615234375e+01,9.833645629882812500e+01,1.772184143066406250e+02,1.085946731567382812e+02,1.223114471435546875e+02,1.298950500488281250e+02,8.478195190429687500e+01,1.649875335693359375e+02,1.566388092041015625e+02,1.737090148925781250e+02
7.659581756591796875e+01,1.149023361206054688e+02,1.712982940673828125e+02,9.279649353027343750e+01,1.375879974365234375e+02,1.459868316650390625e+02,1.120700683593750000e+02,1.828296356201171875e+02,1.716546936035156250e+02,1.690278167724609375e+02
8.122549438476562500e+01,1.084542694091796875e+02,1.801234436035156250e+02,9.850566101074218750e+01,1.346956481933593750e+02,1.600395050048828125e+02,1.073136062622070312e+02,1.779156188964843750e+02,1.726139831542968750e+02,1.726763763427734375e+02
8.209202575683593750e+01,1.058351364135742188e+02,1.716087493896484375e+02,1.012549514770507812e+02,1.581270294189453125e+02,1.414740295410156250e+02,1.081228408813476562e+02,1.850892028808593750e+02,1.538252716064453125e+02,1.792643585205078125e+02
8.127700805664062500e+01,1.031717605590820312e+02,1.717139434814453125e+02,1.037588119506835938e+02,1.380173645019531250e+02,1.330395507812500000e+02,9.754727935791015625e+01,1.718387145996093750e+02,1.606863098144531250e+02,1.704254150390625000e+02
8.091201019287109375e+01,1.097101287841796875e+02,1.735739898681640625e+02,9.768441009521484375e+01,1.191313705444335938e+02,1.493527374267578125e+02,1.104895401000976562e+02,1.881588897705078125e+02,1.575924072265625000e+02,1.841674346923828125e+02
7.849993896484375000e+01,1.090906677246093750e+02,1.689864501953125000e+02,9.811368560791015625e+01,1.402672119140625000e+02,1.332112121582031250e+02,1.047844009399414062e+02,1.759925384521484375e+02,1.618972473144531250e+02,1.680594635009765625e+02
8.268293762207031250e+01,9.729897308349609375e+01,1.788929901123046875e+02,1.101017227172851562e+02,1.275715103149414062e+02,1.528178558349609375e+02,8.041676330566406250e+01,1.603155822753906250e+02,1.567136077880859375e+02,1.718137359619140625e+02
7.702568817138671875e+01,1.102844238281250000e+02,1.747207031250000000e+02,9.673941040039062500e+01,1.243198089599609375e+02,1.555421142578125000e+02,1.070347061157226562e+02,1.798347625732421875e+02,1.731917877197265625e+02,1.700641937255859375e+02
8.705628967285156250e+01,1.005432586669921875e+02,1.673085174560546875e+02,1.068195724487304688e+02,9.827899932861328125e+01,1.334694366455078125e+02,9.141217803955078125e+01,1.737480468750000000e+02,1.404873199462890625e+02,1.801719818115234375e+02
7.494259643554687500e+01,9.843504333496093750e+01,1.863338012695312500e+02,1.089350357055664062e+02,1.432501983642578125e+02,1.357665710449218750e+02,9.031038665771484375e+01,1.726506195068359375e+02,1.627129821777343750e+02,1.794421997070312500e+02
8.789672851562500000e+01,1.118562850952148438e+02,1.733993377685546875e+02,9.556860351562500000e+01,1.242385025024414062e+02,1.338776550292968750e+02,1.150851364135742188e+02,1.780621032714843750e+02,1.747629852294921875e+02,1.657746124267578125e+02
8.975267028808593750e+01,1.091150588989257812e+02,1.665964965820312500e+02,9.829277038574218750e+01,1.355791931152343750e+02,1.348863220214843750e+02,1.107545471191406250e+02,1.856299743652343750e+02,1.572988281250000000e+02,1.768747558593750000e+02
8.626964569091796875e+01,9.508560943603515625e+01,1.715921020507812500e+02,1.120830993652343750e+02,1.005829010009765625e+02,1.366038970947265625e+02,8.127857971191406250e+01,1.664162750244140625e+02,1.474122772216796875e+02,1.795224761962890625e+02
8.062930297851562500e+01,1.111501617431640625e+02,1.683645477294921875e+02,9.639752197265625000e+01,1.383029479980468750e+02,1.406549835205078125e+02,1.132970199584960938e+02,1.832059936523437500e+02,1.669283599853515625e+02,1.745129699707031250e+02
7.828131103515625000e+01,1.120280532836914062e+02,1.687468109130859375e+02,9.564319610595703125e+01,1.457892150878906250e+02,1.371538085937500000e+02,1.130478668212890625e+02,1.823252258300781250e+02,1.644711761474609375e+02,1.715446166992187500e+02
8.383213043212890625e+01,1.103307876586914062e+02,1.701872100830078125e+02,9.698339843750000000e+01,1.340489196777343750e+02,1.396734313964843750e+02,1.068390197753906250e+02,1.772953033447265625e+02,1.721144561767578125e+02,1.666826629638671875e+02
7.689526367187500000e+01,1.032518997192382812e+02,1.784329681396484375e+02,1.036164245605468750e+02,1.254097366333007812e+02,1.545779876708984375e+02,9.967476654052734375e+01,1.854778747558593750e+02,1.569484252929687500e+02,1.841098632812500000e+02
8.771547698974609375e+01,1.003509902954101562e+02,1.717895660400390625e+02,1.065821990966796875e+02,1.385233306884765625e+02,1.347119293212890625e+02,8.998397064208984375e+01,1.624245758056640625e+02,1.572372894287109375e+02,1.659314575195312500e+02
8.564699554443359375e+01,9.834393310546875000e+01,1.725572662353515625e+02,1.090151901245117188e+02,1.240031280517578125e+02,1.354202270507812500e+02,9.289454650878906250e+01,1.657959136962890625e+02,1.546994934082031250e+02,1.737899627685546875e+02
8.067996978759765625e+01,1.166574630737304688e+02,1.745478363037109375e+02,9.072432708740234375e+01,1.460463714599609375e+02,1.483167877197265625e+02,1.222091293334960938e+02,1.904039459228515625e+02,1.750840454101562500e+02,1.749160919189453125e+02
7.947035980224609375e+01,1.142428741455078125e+02,1.731261138916015625e+02,9.360269165039062500e+01,1.352791748046875000e+02,1.547014007568359375e+02,1.098691635131835938e+02,1.740841674804687500e+02,1.781019287109375000e+02,1.591933593750000000e+02
7.654946136474609375e+01,1.042472305297851562e+02,1.753511810302734375e+02,1.030954895019531250e+02,1.315885467529296875e+02,1.478583679199218750e+02,1.036855621337890625e+02,1.850297698974609375e+02,1.548663787841796875e+02,1.852247924804687500e+02
7.451179504394531250e+01,1.067116394042968750e+02,1.770269622802734375e+02,1.003983154296875000e+02,1.274939651489257812e+02,1.359508056640625000e+02,8.896669769287109375e+01,1.704475402832031250e+02,1.680081329345703125e+02,1.644928894042968750e+02
8.553374481201171875e+01,9.340550231933593750e+01,1.776519927978515625e+02,1.143795547485351562e+02,1.251085510253906250e+02,1.484180603027343750e+02,8.448594665527343750e+01,1.580130767822265625e+02,1.475733032226562500e+02,1.744677124023437500e+02
7.953846740722656250e+01,1.047538452148437500e+02,1.809818115234375000e+02,1.023599624633789062e+02,1.259664993286132812e+02,1.384025268554687500e+02,9.292233276367187500e+01,1.670792541503906250e+02,1.688336334228515625e+02,1.641929779052734375e+02
8.168529510498046875e+01,1.060910568237304688e+02,1.765558471679687500e+02,1.010639724731445312e+02,1.369476013183593750e+02,1.301890106201171875e+02,9.964837646484375000e+01,1.732879486083984375e+02,1.664883575439453125e+02,1.668031768798828125e+02
7.783473205566406250e+01,1.061921997070312500e+02,1.774636535644531250e+02,1.012933120727539062e+02,1.302603607177734375e+02,1.338331298828125000e+02,9.775097656250000000e+01,1.814296112060546875e+02,1.635711212158203125e+02,1.763232574462890625e+02
8.336856842041015625e+01,9.892259979248046875e+01,1.788117218017578125e+02,1.087131195068359375e+02,1.237442016601562500e+02,1.456675720214843750e+02,9.205851745605468750e+01,1.680854187011718750e+02,1.591296844482421875e+02,1.743960876464843750e+02
7.800910949707031250e+01,1.086352767944335938e+02,1.705822296142578125e+02,9.887374114990234375e+01,1.309302368164062500e+02,1.438989257812500000e+02,1.018402633666992188e+02,1.787155761718750000e+02,1.593252105712890625e+02,1.710996398925781250e+02
8.422366333007812500e+01,1.004265136718750000e+02,1.730128936767578125e+02,1.068424606323242188e+02,1.001840515136718750e+02,1.520732879638671875e+02,9.354235076904296875e+01,1.743867492675781250e+02,1.485414123535156250e+02,1.830136108398437500e+02
7.679865264892578125e+01,1.157785186767578125e+02,1.739234313964843750e+02,9.210642242431640625e+01,1.368056945800781250e+02,1.424061584472656250e+02,1.077884063720703125e+02,1.822793426513671875e+02,1.750923309326171875e+02,1.626900634765625000e+02
8.329553985595703125e+01,8.526596069335937500e+01,1.835852203369140625e+02,1.230088195800781250e+02,1.265798721313476562e+02,1.422807159423828125e+02,7.493134307861328125e+01,1.596344604492187500e+02,1.413151702880859375e+02,1.832419738769531250e+02
8.810998535156250000e+01,9.657209777832031250e+01,1.786397094726562500e+02,1.108904647827148438e+02,1.450034332275390625e+02,1.408710632324218750e+02,8.965897369384765625e+01,1.715108489990234375e+02,1.566786041259765625e+02,1.814917602539062500e+02
7.671697235107421875e+01,1.067708053588867188e+02,1.852844848632812500e+02,1.005941390991210938e+02,1.341019287109375000e+02,1.224829483032226562e+02,1.065788421630859375e+02,1.766465911865234375e+02,1.683792419433593750e+02,1.729432373046875000e+02
7.962424468994140625e+01,9.764924621582031250e+01,1.816770935058593750e+02,1.096039505004882812e+02,1.278679809570312500e+02,1.607864532470703125e+02,9.137880706787109375e+01,1.683750000000000000e+02,1.615820007324218750e+02,1.772120666503906250e+02
7.999344635009765625e+01,1.167708129882812500e+02,1.680067901611328125e+02,9.085260772705078125e+01,1.336636199951171875e+02,1.501807403564453125e+02,1.088574676513671875e+02,1.807218170166015625e+02,1.737912139892578125e+02,1.622718811035156250e+02
8.661774444580078125e+01,9.385126495361328125e+01,1.786124877929687500e+02,1.133089828491210938e+02,1.081847610473632812e+02,1.338284606933593750e+02,8.873524475097656250e+01,1.701432952880859375e+02,1.444657897949218750e+02,1.811183624267578125e+02
7.722764587402343750e+01,1.009410552978515625e+02,1.793070373535156250e+02,1.067332687377929688e+02,1.127362899780273438e+02,1.298019561767578125e+02,9.309969329833984375e+01,1.815039825439453125e+02,1.454723358154296875e+02,1.846667175292968750e+02
8.023321533203125000e+01,1.100733261108398438e+02,1.693352050781250000e+02,9.691222381591796875e+01,1.440914459228515625e+02,1.381310729980468750e+02,9.861597442626953125e+01,1.755265808105468750e+02,1.640388793945312500e+02,1.665992431640625000e+02
7.920952606201171875e+01,1.110346069335937500e+02,1.716013946533203125e+02,9.637255859375000000e+01,1.361024627685546875e+02,1.349857330322265625e+02,1.131339721679687500e+02,1.822927246093750000e+02,1.633686218261718750e+02,1.718055572509765625e+02
7.741705322265625000e+01,9.676578521728515625e+01,1.808116607666015625e+02,1.104613189697265625e+02,1.331317596435546875e+02,1.412676544189453125e+02,8.717777252197265625e+01,1.657847595214843750e+02,1.561177673339843750e+02,1.765089721679687500e+02
7.316090393066406250e+01,1.057517242431640625e+02,1.777065582275390625e+02,1.011784210205078125e+02,1.237601318359375000e+02,1.451970825195312500e+02,9.504484558105468750e+01,1.817262573242187500e+02,1.553087768554687500e+02,1.768621673583984375e+02
8.145778656005859375e+01,1.084304351806640625e+02,1.752245788574218750e+02,9.827304077148437500e+01,1.194176483154296875e+02,1.549076080322265625e+02,1.174434127807617188e+02,1.849767913818359375e+02,1.688501281738281250e+02,1.827334289550781250e+02
8.597224426269531250e+01,1.091918411254882812e+02,1.704344329833984375e+02,9.828756713867187500e+01,1.464647216796875000e+02,1.468590240478515625e+02,1.014625473022460938e+02,1.747093505859375000e+02,1.629588928222656250e+02,1.637459716796875000e+02
7.883811950683593750e+01,9.503790283203125000e+01,1.840941162109375000e+02,1.128180999755859375e+02,1.267510833740234375e+02,1.597953948974609375e+02,8.205238342285156250e+01,1.756321105957031250e+02,1.470435791015625000e+02,1.853923492431640625e+02
8.547538757324218750e+01,9.247676086425781250e+01,1.795463714599609375e+02,1.153989715576171875e+02,1.335126953125000000e+02,1.364687042236328125e+02,8.993641662597656250e+01,1.694565277099609375e+02,1.416408386230468750e+02,1.822866821289062500e+02
8.626414489746093750e+01,1.049966125488281250e+02,1.714921722412109375e+02,1.023007583618164062e+02,1.457778930664062500e+02,1.256692581176757812e+02,1.169210891723632812e+02,1.743118133544921875e+02,1.724843292236328125e+02,1.717773132324218750e+02
8.223242950439453125e+01,1.125953445434570312e+02,1.627286987304687500e+02,9.541683197021484375e+01,1.322420806884765625e+02,1.418630523681640625e+02,1.083680877685546875e+02,1.786884307861328125e+02,1.659315338134765625e+02,1.662972259521484375e+02
8.074452972412109375e+01,1.022653961181640625e+02,1.792942810058593750e+02,1.049321441650390625e+02,1.265959548950195312e+02,1.385543212890625000e+02,9.411734008789062500e+01,1.832204437255859375e+02,1.545831604003906250e+02,1.855844726562500000e+02
8.173895263671875000e+01,1.017794570922851562e+02,1.773272094726562500e+02,1.053656768798828125e+02,1.273383560180664062e+02,1.446287841796875000e+02,9.947840881347656250e+01,1.810424194335937500e+02,1.524637603759765625e+02,1.812946014404296875e+02
7.873245239257812500e+01,1.088610076904296875e+02,1.733952331542968750e+02,9.815174102783203125e+01,1.346276245117187500e+02,1.391639099121093750e+02,9.946540832519531250e+01,1.680782165527343750e+02,1.698099212646484375e+02,1.593917388916015625e+02
8.370796203613281250e+01,9.217975616455078125e+01,1.791288299560546875e+02,1.158691940307617188e+02,1.275384292602539062e+02,1.451945800781250000e+02,9.001991271972656250e+01,1.762724304199218750e+02,1.392830200195312500e+02,1.884954833984375000e+02
7.728262329101562500e+01,1.210888214111328125e+02,1.786579895019531250e+02,8.629172515869140625e+01,1.422339019775390625e+02,1.435403442382812500e+02,1.251972503662109375e+02,1.902245941162109375e+02,1.854578247070312500e+02,1.698742828369140625e+02
6.890031433105468750e+01,1.047235412597656250e+02,1.878742370605468750e+02,1.028790664672851562e+02,1.292507781982421875e+02,1.505352783203125000e+02,1.002655487060546875e+02,1.916432495117187500e+02,1.574428558349609375e+02,1.904383239746093750e+02
8.193890380859375000e+01,9.987384796142578125e+01,1.750431518554687500e+02,1.074318313598632812e+02,1.251711730957031250e+02,1.467873992919921875e+02,8.686715698242187500e+01,1.668943023681640625e+02,1.578013763427734375e+02,1.736412506103515625e+02
8.340709686279296875e+01,9.830773162841796875e+01,1.782524566650390625e+02,1.094345016479492188e+02,1.254803314208984375e+02,1.452019805908203125e+02,9.009488677978515625e+01,1.716827850341796875e+02,1.574874877929687500e+02,1.783098144531250000e+02
6.769472503662109375e+01,1.248330383300781250e+02,1.802216644287109375e+02,8.307283020019531250e+01,1.271974945068359375e+02,1.343694305419921875e+02,1.153206481933593750e+02,1.911732482910156250e+02,1.803807220458984375e+02,1.659074707031250000e+02
8.124453735351562500e+01,1.126775894165039062e+02,1.786591644287109375e+02,9.457687377929687500e+01,1.544348297119140625e+02,1.470113067626953125e+02,1.151149139404296875e+02,1.851957702636718750e+02,1.757154541015625000e+02,1.735525970458984375e+02
8.301338195800781250e+01,9.843342590332031250e+01,1.711244506835937500e+02,1.088253326416015625e+02,1.265793762207031250e+02,1.436142120361328125e+02,9.472142791748046875e+01,1.755409851074218750e+02,1.498168792724609375e+02,1.823073425292968750e+02
9.122398376464843750e+01,1.049280014038085938e+02,1.625838165283203125e+02,1.021785049438476562e+02,1.230231552124023438e+02,1.412037353515625000e+02,9.752230072021484375e+01,1.657577667236328125e+02,1.613568420410156250e+02,1.646657409667968750e+02
8.448455810546875000e+01,9.670185852050781250e+01,1.813200836181640625e+02,1.104852828979492188e+02,1.269807434082031250e+02,1.431403045654296875e+02,8.799035644531250000e+01,1.617799987792968750e+02,1.603268280029296875e+02,1.722286834716796875e+02
7.846698760986328125e+01,9.952397155761718750e+01,1.768486785888671875e+02,1.075589447021484375e+02,1.405910491943359375e+02,1.388592071533203125e+02,8.576551818847656250e+01,1.686017303466796875e+02,1.609688415527343750e+02,1.696080322265625000e+02
7.976015472412109375e+01,9.515795898437500000e+01,1.752586517333984375e+02,1.121993789672851562e+02,1.016015396118164062e+02,1.586999969482421875e+02,8.954376220703125000e+01,1.724413909912109375e+02,1.479591522216796875e+02,1.856573638916015625e+02
7.383330535888671875e+01,1.226427536010742188e+02,1.750510101318359375e+02,8.523299407958984375e+01,1.369836120605468750e+02,1.451235504150390625e+02,1.152074203491210938e+02,1.837035675048828125e+02,1.841197052001953125e+02,1.589015350341796875e+02
7.864512634277343750e+01,1.229840545654296875e+02,1.669461517333984375e+02,8.507338714599609375e+01,1.391414642333984375e+02,1.381166534423828125e+02,1.190947418212890625e+02,1.791192626953125000e+02,1.841900787353515625e+02,1.531366119384765625e+02
8.510987091064453125e+01,1.037960739135742188e+02,1.732197875976562500e+02,1.030979690551757812e+02,1.197086944580078125e+02,1.386315307617187500e+02,9.896576690673828125e+01,1.800050354003906250e+02,1.480125122070312500e+02,1.808072509765625000e+02
8.231560516357421875e+01,9.639218139648437500e+01,1.810000457763671875e+02,1.111734695434570312e+02,1.262827682495117188e+02,1.604232330322265625e+02,8.863394165039062500e+01,1.748618927001953125e+02,1.486489715576171875e+02,1.847744140625000000e+02
7.994425201416015625e+01,1.244074554443359375e+02,1.647915039062500000e+02,8.386608886718750000e+01,1.390070648193359375e+02,1.402800750732421875e+02,1.168625106811523438e+02,1.759269561767578125e+02,1.836365509033203125e+02,1.456188201904296875e+02
8.675366210937500000e+01,1.064859695434570312e+02,1.651695404052734375e+02,1.008831863403320312e+02,1.075055847167968750e+02,1.482154235839843750e+02,1.059270706176757812e+02,1.776587982177734375e+02,1.610111083984375000e+02,1.732432861328125000e+02
7.737788391113281250e+01,1.008986587524414062e+02,1.816726074218750000e+02,1.062683563232421875e+02,1.270894851684570312e+02,1.460492706298828125e+02,9.032153320312500000e+01,1.765519561767578125e+02,1.597401580810546875e+02,1.792523193359375000e+02
8.780628967285156250e+01,1.103652954101562500e+02,1.710754241943359375e+02,9.658370971679687500e+01,1.103254241943359375e+02,1.429787292480468750e+02,1.081311798095703125e+02,1.730073547363281250e+02,1.735711212158203125e+02,1.635453186035156250e+02
8.418138885498046875e+01,1.126259536743164062e+02,1.663041992187500000e+02,9.540794372558593750e+01,1.268991241455078125e+02,1.320274200439453125e+02,1.098998107910156250e+02,1.743301696777343750e+02,1.689099731445312500e+02,1.612707061767578125e+02
7.237247467041015625e+01,1.089765090942382812e+02,1.790941162109375000e+02,9.861363220214843750e+01,1.311842651367187500e+02,1.527992553710937500e+02,9.462506866455078125e+01,1.714633178710937500e+02,1.734317932128906250e+02,1.619457397460937500e+02
8.767305755615234375e+01,8.713957977294921875e+01,1.767807769775390625e+02,1.210555114746093750e+02,1.173773345947265625e+02,1.317361145019531250e+02,7.647196960449218750e+01,1.580426940917968750e+02,1.339194641113281250e+02,1.802216033935546875e+02
8.079794311523437500e+01,9.609070587158203125e+01,1.733828582763671875e+02,1.108770599365234375e+02,1.154589843750000000e+02,1.431236572265625000e+02,8.400999450683593750e+01,1.647510681152343750e+02,1.531196899414062500e+02,1.752642517089843750e+02
7.757985687255859375e+01,1.051045989990234375e+02,1.746925964355468750e+02,1.015511779785156250e+02,1.363346405029296875e+02,1.373673095703125000e+02,1.071275787353515625e+02,1.805169525146484375e+02,1.625469055175781250e+02,1.768048553466796875e+02
8.162079620361328125e+01,1.273943481445312500e+02,1.636810150146484375e+02,8.093351745605468750e+01,1.262753829956054688e+02,1.525415039062500000e+02,1.319911193847656250e+02,1.846790924072265625e+02,1.819612884521484375e+02,1.564948577880859375e+02
8.003041076660156250e+01,1.089964294433593750e+02,1.731371765136718750e+02,9.837202453613281250e+01,1.382483673095703125e+02,1.431049499511718750e+02,1.002926330566406250e+02,1.719779815673828125e+02,1.744390411376953125e+02,1.608823852539062500e+02
7.173804473876953125e+01,1.134609909057617188e+02,1.728624725341796875e+02,9.403776550292968750e+01,1.278523025512695312e+02,1.415519561767578125e+02,1.014275588989257812e+02,1.776226196289062500e+02,1.736159667968750000e+02,1.629131011962890625e+02
7.947772979736328125e+01,1.026442337036132812e+02,1.769695587158203125e+02,1.051207199096679688e+02,1.308403167724609375e+02,1.585294189453125000e+02,9.645148468017578125e+01,1.796045837402343750e+02,1.548392639160156250e+02,1.828252105712890625e+02
7.791910552978515625e+01,1.100485305786132812e+02,1.721952056884765625e+02,9.724983978271484375e+01,1.456124877929687500e+02,1.368760070800781250e+02,1.125373840332031250e+02,1.843609771728515625e+02,1.667598876953125000e+02,1.740940093994140625e+02
8.002382659912109375e+01,1.007991256713867188e+02,1.775874938964843750e+02,1.064824371337890625e+02,1.261286010742187500e+02,1.267264785766601562e+02,9.409278106689453125e+01,1.725534820556640625e+02,1.510581512451171875e+02,1.740523376464843750e+02
7.369612121582031250e+01,1.047949600219726562e+02,1.806190185546875000e+02,1.020173873901367188e+02,1.154275970458984375e+02,1.221306152343750000e+02,9.608827209472656250e+01,1.834285430908203125e+02,1.523249511718750000e+02,1.808028869628906250e+02
8.497973632812500000e+01,1.182654495239257812e+02,1.649186401367187500e+02,8.942407989501953125e+01,1.192413101196289062e+02,1.422250518798828125e+02,1.199486770629882812e+02,1.838111419677734375e+02,1.709202117919921875e+02,1.669224090576171875e+02
7.979776000976562500e+01,1.182039108276367188e+02,1.666186370849609375e+02,8.952436065673828125e+01,1.418527526855468750e+02,1.333077087402343750e+02,1.160031051635742188e+02,1.811382751464843750e+02,1.705214691162109375e+02,1.627331237792968750e+02
8.440499114990234375e+01,1.021308746337890625e+02,1.751560821533203125e+02,1.049312362670898438e+02,1.434929199218750000e+02,1.463345489501953125e+02,1.023682022094726562e+02,1.867036132812500000e+02,1.547216644287109375e+02,1.890447235107421875e+02
8.249729156494140625e+01,1.248681945800781250e+02,1.649253845214843750e+02,8.271734619140625000e+01,1.202170028686523438e+02,1.362616729736328125e+02,1.267921218872070312e+02,1.862008514404296875e+02,1.731168365478515625e+02,1.633311462402343750e+02
8.956170654296875000e+01,9.006263732910156250e+01,1.810525207519531250e+02,1.178042831420898438e+02,1.123352966308593750e+02,1.551748046875000000e+02,8.945093536376953125e+01,1.692105560302734375e+02,1.429611816406250000e+02,1.890352325439453125e+02
8.677322387695312500e+01,9.502459716796875000e+01,1.757597961425781250e+02,1.123090744018554688e+02,1.401264648437500000e+02,1.442583465576171875e+02,9.267460632324218750e+01,1.714495086669921875e+02,1.438779754638671875e+02,1.802181396484375000e+02
7.610713195800781250e+01,1.019239883422851562e+02,1.762010650634765625e+02,1.049902572631835938e+02,1.285361633300781250e+02,1.155515594482421875e+02,1.007472686767578125e+02,1.779836578369140625e+02,1.628008728027343750e+02,1.778595275878906250e+02
8.283296966552734375e+01,1.029253082275390625e+02,1.695481719970703125e+02,1.039806060791015625e+02,1.198308258056640625e+02,1.368794860839843750e+02,9.288201141357421875e+01,1.696620178222656250e+02,1.541119232177734375e+02,1.706557464599609375e+02
7.625624084472656250e+01,1.093123626708984375e+02,1.761692047119140625e+02,9.775662994384765625e+01,1.321802978515625000e+02,1.412679901123046875e+02,1.011024551391601562e+02,1.799192657470703125e+02,1.693574523925781250e+02,1.698947753906250000e+02
8.670899963378906250e+01,8.124122619628906250e+01,1.823714599609375000e+02,1.268422698974609375e+02,1.305647888183593750e+02,1.472526245117187500e+02,7.441043090820312500e+01,1.616691741943359375e+02,1.326418457031250000e+02,1.885182800292968750e+02
8.595650482177734375e+01,1.111775360107421875e+02,1.680932312011718750e+02,9.648696899414062500e+01,1.183160095214843750e+02,1.358818817138671875e+02,1.082206954956054688e+02,1.815785522460937500e+02,1.585596923828125000e+02,1.711080780029296875e+02
8.185811614990234375e+01,1.208567276000976562e+02,1.654474792480468750e+02,8.682074737548828125e+01,1.197469940185546875e+02,1.478207855224609375e+02,1.212376022338867188e+02,1.864949493408203125e+02,1.719088439941406250e+02,1.653026428222656250e+02
7.430472564697265625e+01,1.100230026245117188e+02,1.767897033691406250e+02,9.723812103271484375e+01,1.283199615478515625e+02,1.454344940185546875e+02,1.123096313476562500e+02,1.877558441162109375e+02,1.667609252929687500e+02,1.821692657470703125e+02
8.090970611572265625e+01,1.088852615356445312e+02,1.726103057861328125e+02,9.855756378173828125e+01,1.308410339355468750e+02,1.622357177734375000e+02,9.815449523925781250e+01,1.679891204833984375e+02,1.704737701416015625e+02,1.625327758789062500e+02
8.100251007080078125e+01,1.017905349731445312e+02,1.762223510742187500e+02,1.052956542968750000e+02,1.209879226684570312e+02,1.433390197753906250e+02,9.039837646484375000e+01,1.670048065185546875e+02,1.594912109375000000e+02,1.697242736816406250e+02
8.283779144287109375e+01,1.069672546386718750e+02,1.701760406494140625e+02,9.980978393554687500e+01,1.324776306152343750e+02,1.406969299316406250e+02,9.892430114746093750e+01,1.691977539062500000e+02,1.673702850341796875e+02,1.625482177734375000e+02
7.548044586181640625e+01,1.016644058227539062e+02,1.827400360107421875e+02,1.050350418090820312e+02,1.290289306640625000e+02,1.551617584228515625e+02,9.609522247314453125e+01,1.821947937011718750e+02,1.566635437011718750e+02,1.841816711425781250e+02
7.138667297363281250e+01,1.068610839843750000e+02,1.797980804443359375e+02,1.002944335937500000e+02,1.350588836669921875e+02,1.480560455322265625e+02,8.814095306396484375e+01,1.783217010498046875e+02,1.659085388183593750e+02,1.714190368652343750e+02
8.548069000244140625e+01,9.553421020507812500e+01,1.835106658935546875e+02,1.120963134765625000e+02,1.464274291992187500e+02,1.419852142333984375e+02,9.569565582275390625e+01,1.764184722900390625e+02,1.514851837158203125e+02,1.850636596679687500e+02
7.724816131591796875e+01,1.019483184814453125e+02,1.757738189697265625e+02,1.045999755859375000e+02,1.270303039550781250e+02,1.603307037353515625e+02,9.461491394042968750e+01,1.727194519042968750e+02,1.591819915771484375e+02,1.749273681640625000e+02
7.086741638183593750e+01,1.101606597900390625e+02,1.860139007568359375e+02,9.712969970703125000e+01,1.377820892333984375e+02,1.587823638916015625e+02,1.066925354003906250e+02,1.890407257080078125e+02,1.656203308105468750e+02,1.811242065429687500e+02
8.693295288085937500e+01,8.370053863525390625e+01,1.762784729003906250e+02,1.242052154541015625e+02,1.256239318847656250e+02,1.356824493408203125e+02,7.600911712646484375e+01,1.633089294433593750e+02,1.308885192871093750e+02,1.835838165283203125e+02
7.651879119873046875e+01,1.009229888916015625e+02,1.786019439697265625e+02,1.067464294433593750e+02,1.200490417480468750e+02,1.470609741210937500e+02,9.282244873046875000e+01,1.783248443603515625e+02,1.559406127929687500e+02,1.825022125244140625e+02
7.558024597167968750e+01,1.006365203857421875e+02,1.849618225097656250e+02,1.070829315185546875e+02,1.306972656250000000e+02,1.653233642578125000e+02,8.619396209716796875e+01,1.679975891113281250e+02,1.619588165283203125e+02,1.723327789306640625e+02
6.864618682861328125e+01,1.060168609619140625e+02,1.833256530761718750e+02,1.014437026977539062e+02,1.260114898681640625e+02,1.290120544433593750e+02,9.127127075195312500e+01,1.800539245605468750e+02,1.654047698974609375e+02,1.777696075439453125e+02
7.932374572753906250e+01,9.778286743164062500e+01,1.791847534179687500e+02,1.097406616210937500e+02,1.272240829467773438e+02,1.420076751708984375e+02,9.065261840820312500e+01,1.759147338867187500e+02,1.503262786865234375e+02,1.823635406494140625e+02
7.972335052490234375e+01,8.512532043457031250e+01,1.913036346435546875e+02,1.235054397583007812e+02,1.186947402954101562e+02,1.635824432373046875e+02,7.850786590576171875e+01,1.688068084716796875e+02,1.432240753173828125e+02,1.917158966064453125e+02
7.581201934814453125e+01,1.070438461303710938e+02,1.805364685058593750e+02,1.002596130371093750e+02,1.310490417480468750e+02,1.502571105957031250e+02,1.067404937744140625e+02,1.852415924072265625e+02,1.639025421142578125e+02,1.810332031250000000e+02
8.816997528076171875e+01,9.667398834228515625e+01,1.773727111816406250e+02,1.110451583862304688e+02,1.332956695556640625e+02,1.439697723388671875e+02,9.224212646484375000e+01,1.654528808593750000e+02,1.546756286621093750e+02,1.749869079589843750e+02
7.830515289306640625e+01,1.184640655517578125e+02,1.708695373535156250e+02,8.896341705322265625e+01,1.267460479736328125e+02,1.456442871093750000e+02,1.179271469116210938e+02,1.874228668212890625e+02,1.759281768798828125e+02,1.728424682617187500e+02
8.154241943359375000e+01,9.161324310302734375e+01,1.779654541015625000e+02,1.157615814208984375e+02,1.219568405151367188e+02,1.516873931884765625e+02,8.497818756103515625e+01,1.803475799560546875e+02,1.389316558837890625e+02,1.931462402343750000e+02
8.065470123291015625e+01,1.058011550903320312e+02,1.764511413574218750e+02,1.017720642089843750e+02,1.268683471679687500e+02,1.464582672119140625e+02,1.058304138183593750e+02,1.848286590576171875e+02,1.571107482910156250e+02,1.820945434570312500e+02
8.252659606933593750e+01,1.040901107788085938e+02,1.772895202636718750e+02,1.029323120117187500e+02,1.299028625488281250e+02,1.506734924316406250e+02,9.857228088378906250e+01,1.731135559082031250e+02,1.700429229736328125e+02,1.708673553466796875e+02
7.132617950439453125e+01,1.251092605590820312e+02,1.790030517578125000e+02,8.320339202880859375e+01,1.441494140625000000e+02,1.336197509765625000e+02,1.167387771606445312e+02,1.852740631103515625e+02,1.851903533935546875e+02,1.576123352050781250e+02
7.898410034179687500e+01,1.163113250732421875e+02,1.708528442382812500e+02,9.130281829833984375e+01,1.334623107910156250e+02,1.431103057861328125e+02,1.122032012939453125e+02,1.798590545654296875e+02,1.784456329345703125e+02,1.623238525390625000e+02
7.950926971435546875e+01,1.021385803222656250e+02,1.794174957275390625e+02,1.039762649536132812e+02,1.359889526367187500e+02,1.355762634277343750e+02,9.067101287841796875e+01,1.668482360839843750e+02,1.650168151855468750e+02,1.671306915283203125e+02
7.685272216796875000e+01,9.258994293212890625e+01,1.869565277099609375e+02,1.150335464477539062e+02,1.330292510986328125e+02,1.465291900634765625e+02,7.749920654296875000e+01,1.628608703613281250e+02,1.570234985351562500e+02,1.769255828857421875e+02
8.192333984375000000e+01,1.037040100097656250e+02,1.722054138183593750e+02,1.035497741699218750e+02,1.291478118896484375e+02,1.367712402343750000e+02,9.833299255371093750e+01,1.756416625976562500e+02,1.546995849609375000e+02,1.799731445312500000e+02
8.571307373046875000e+01,1.178403472900390625e+02,1.619085083007812500e+02,9.010858154296875000e+01,1.124119796752929688e+02,1.445272979736328125e+02,1.182749328613281250e+02,1.819094696044921875e+02,1.701154174804687500e+02,1.652481079101562500e+02
7.717711639404296875e+01,1.090977783203125000e+02,1.750874176025390625e+02,9.818373107910156250e+01,1.182284622192382812e+02,1.464904174804687500e+02,9.702430725097656250e+01,1.767910614013671875e+02,1.660835723876953125e+02,1.708995056152343750e+02
7.747750091552734375e+01,1.022381057739257812e+02,1.813873138427734375e+02,1.046116638183593750e+02,1.298616027832031250e+02,1.508059387207031250e+02,9.107871246337890625e+01,1.707523651123046875e+02,1.632932586669921875e+02,1.720103759765625000e+02
8.086080932617187500e+01,1.034705276489257812e+02,1.732603454589843750e+02,1.032517166137695312e+02,1.225436477661132812e+02,1.367189331054687500e+02,1.053134460449218750e+02,1.793116302490234375e+02,1.556011810302734375e+02,1.783589019775390625e+02
8.410080718994140625e+01,9.179154205322265625e+01,1.753320159912109375e+02,1.156933975219726562e+02,1.096048736572265625e+02,1.322403564453125000e+02,7.678595733642578125e+01,1.551412963867187500e+02,1.465404052734375000e+02,1.745711364746093750e+02
8.214073944091796875e+01,1.167755661010742188e+02,1.776028442382812500e+02,9.059318542480468750e+01,1.473360595703125000e+02,1.364500274658203125e+02,1.212244262695312500e+02,1.844992523193359375e+02,1.805128631591796875e+02,1.711754913330078125e+02
7.203493499755859375e+01,1.011924972534179688e+02,1.820592193603515625e+02,1.058393554687500000e+02,1.159842071533203125e+02,1.588877716064453125e+02,9.664679718017578125e+01,1.858851928710937500e+02,1.596304931640625000e+02,1.870094146728515625e+02
8.174691772460937500e+01,9.245509338378906250e+01,1.792924652099609375e+02,1.149406890869140625e+02,1.217439422607421875e+02,1.405211181640625000e+02,8.172357940673828125e+01,1.664793548583984375e+02,1.417833404541015625e+02,1.810342102050781250e+02
8.198793792724609375e+01,1.184240570068359375e+02,1.628086700439453125e+02,8.924545288085937500e+01,1.280227813720703125e+02,1.464864044189453125e+02,1.179085083007812500e+02,1.807413177490234375e+02,1.726468505859375000e+02,1.623732147216796875e+02
8.105543518066406250e+01,1.123066329956054688e+02,1.762859497070312500e+02,9.503376770019531250e+01,1.576396942138671875e+02,1.321087341308593750e+02,1.137896118164062500e+02,1.846841888427734375e+02,1.742839050292968750e+02,1.722054595947265625e+02
7.162972259521484375e+01,1.073608169555664062e+02,1.780062713623046875e+02,1.000142059326171875e+02,1.359323577880859375e+02,1.552355651855468750e+02,1.013963317871093750e+02,1.871500549316406250e+02,1.606638793945312500e+02,1.813263549804687500e+02
8.578393554687500000e+01,1.059670410156250000e+02,1.692205505371093750e+02,1.019934387207031250e+02,1.270669479370117188e+02,1.373021545410156250e+02,9.359888458251953125e+01,1.752319641113281250e+02,1.539902801513671875e+02,1.742544708251953125e+02
7.959934234619140625e+01,1.133132247924804688e+02,1.713545379638671875e+02,9.386986541748046875e+01,1.305096435546875000e+02,1.466992797851562500e+02,1.028231048583984375e+02,1.749884185791015625e+02,1.719477081298828125e+02,1.614392089843750000e+02
7.794815826416015625e+01,1.083951187133789062e+02,1.825251922607421875e+02,9.884812164306640625e+01,1.298671569824218750e+02,1.468095855712890625e+02,1.011814117431640625e+02,1.743268890380859375e+02,1.745613250732421875e+02,1.662979583740234375e+02
7.777065277099609375e+01,1.136839523315429688e+02,1.647378387451171875e+02,9.333824920654296875e+01,1.197979583740234375e+02,1.544992065429687500e+02,1.138759613037109375e+02,1.838703308105468750e+02,1.652411651611328125e+02,1.719490051269531250e+02
8.188822174072265625e+01,9.863937377929687500e+01,1.787929382324218750e+02,1.086919631958007812e+02,1.294337158203125000e+02,1.527169799804687500e+02,9.087455749511718750e+01,1.667156524658203125e+02,1.573866729736328125e+02,1.724669189453125000e+02
8.411062622070312500e+01,9.459026336669921875e+01,1.791984710693359375e+02,1.125268325805664062e+02,1.459037475585937500e+02,1.385637359619140625e+02,8.565958404541015625e+01,1.651029510498046875e+02,1.545286865234375000e+02,1.787602081298828125e+02
8.054053497314453125e+01,1.248124618530273438e+02,1.713305969238281250e+02,8.272095489501953125e+01,1.482537384033203125e+02,1.350434112548828125e+02,1.248143386840820312e+02,1.808597412109375000e+02,1.849228973388671875e+02,1.510293273925781250e+02
8.883303070068359375e+01,9.701834869384765625e+01,1.744126739501953125e+02,1.105746459960937500e+02,1.452822265625000000e+02,1.440682373046875000e+02,8.352664184570312500e+01,1.622119445800781250e+02,1.509260559082031250e+02,1.716842803955078125e+02
8.894830322265625000e+01,9.792314910888671875e+01,1.689429168701171875e+02,1.091738433837890625e+02,1.355765838623046875e+02,1.352887268066406250e+02,1.002829360961914062e+02,1.760748596191406250e+02,1.458081207275390625e+02,1.818233642578125000e+02
8.300961303710937500e+01,8.952141571044921875e+01,1.816541442871093750e+02,1.181759796142578125e+02,1.308781127929687500e+02,1.498251647949218750e+02,7.369525146484375000e+01,1.587411499023437500e+02,1.433914337158203125e+02,1.777867889404296875e+02
7.561292266845703125e+01,1.095129928588867188e+02,1.745528411865234375e+02,9.795479583740234375e+01,1.192911376953125000e+02,1.289636688232421875e+02,9.680392456054687500e+01,1.746222076416015625e+02,1.656955718994140625e+02,1.666198425292968750e+02
8.729293823242187500e+01,1.075005722045898438e+02,1.709711303710937500e+02,1.002851257324218750e+02,1.463491668701171875e+02,1.304028930664062500e+02,1.143717880249023438e+02,1.775390167236328125e+02,1.651348266601562500e+02,1.730354919433593750e+02
8.537614440917968750e+01,9.970230102539062500e+01,1.764617767333984375e+02,1.075947341918945312e+02,1.540046844482421875e+02,1.481080169677734375e+02,1.048162612915039062e+02,1.847195739746093750e+02,1.545508422851562500e+02,1.855509490966796875e+02
6.750616455078125000e+01,1.159234542846679688e+02,1.820212402343750000e+02,9.135689544677734375e+01,1.283280487060546875e+02,1.668082733154296875e+02,1.123318710327148438e+02,1.881009368896484375e+02,1.751313629150390625e+02,1.766930389404296875e+02
7.656138610839843750e+01,1.158023071289062500e+02,1.719021301269531250e+02,9.169528961181640625e+01,1.262058715820312500e+02,1.541325836181640625e+02,1.113472595214843750e+02,1.808130493164062500e+02,1.752729187011718750e+02,1.692563476562500000e+02
8.820339965820312500e+01,8.658599853515625000e+01,1.730800323486328125e+02,1.210580825805664062e+02,1.122660217285156250e+02,1.320584411621093750e+02,7.814800262451171875e+01,1.615483245849609375e+02,1.244918823242187500e+02,1.828080444335937500e+02
7.763215637207031250e+01,1.055430755615234375e+02,1.750310668945312500e+02,1.015147781372070312e+02,1.267026214599609375e+02,1.456690368652343750e+02,9.432703399658203125e+01,1.743775787353515625e+02,1.627883605957031250e+02,1.712227630615234375e+02
9.004904174804687500e+01,9.522058105468750000e+01,1.762411651611328125e+02,1.126576995849609375e+02,1.037451782226562500e+02,1.359818267822265625e+02,9.127729034423828125e+01,1.717191314697265625e+02,1.376107788085937500e+02,1.842874908447265625e+02
7.585591125488281250e+01,1.095920944213867188e+02,1.733029937744140625e+02,9.747779083251953125e+01,1.139531250000000000e+02,1.534103088378906250e+02,1.039563446044921875e+02,1.836990509033203125e+02,1.607658996582031250e+02,1.780880737304687500e+02
9.095892333984375000e+01,9.774544525146484375e+01,1.676751251220703125e+02,1.093169326782226562e+02,1.438921051025390625e+02,1.471852416992187500e+02,8.286476898193359375e+01,1.631926269531250000e+02,1.439832611083984375e+02,1.691867523193359375e+02
8.322908782958984375e+01,1.211885757446289062e+02,1.690274810791015625e+02,8.620223236083984375e+01,1.272559585571289062e+02,1.525968627929687500e+02,1.182996520996093750e+02,1.779007568359375000e+02,1.843239288330078125e+02,1.527528076171875000e+02
7.520644378662109375e+01,9.605979156494140625e+01,1.869833374023437500e+02,1.111499862670898438e+02,1.291301879882812500e+02,1.555092315673828125e+02,9.147142028808593750e+01,1.818155059814453125e+02,1.513329162597656250e+02,1.889708251953125000e+02
8.046949768066406250e+01,1.037854995727539062e+02,1.743001861572265625e+02,1.036574478149414062e+02,1.303036651611328125e+02,1.386168518066406250e+02,9.697663116455078125e+01,1.755487213134765625e+02,1.590916900634765625e+02,1.731727905273437500e+02
7.995417022705078125e+01,1.071850280761718750e+02,1.818505401611328125e+02,9.972963714599609375e+01,1.323445892333984375e+02,1.447529754638671875e+02,1.042423858642578125e+02,1.847860260009765625e+02,1.680490112304687500e+02,1.776011810302734375e+02
8.066772460937500000e+01,1.021843566894531250e+02,1.818074798583984375e+02,1.049423675537109375e+02,1.230419082641601562e+02,1.325966949462890625e+02,9.426522827148437500e+01,1.690509338378906250e+02,1.684167175292968750e+02,1.700102386474609375e+02
7.078554534912109375e+01,9.729076385498046875e+01,1.916228332519531250e+02,1.104052429199218750e+02,1.386144714355468750e+02,1.575168762207031250e+02,9.446186065673828125e+01,1.882085418701171875e+02,1.581043243408203125e+02,1.943938140869140625e+02
8.685742187500000000e+01,1.080021362304687500e+02,1.715197753906250000e+02,9.930760192871093750e+01,1.540563507080078125e+02,1.398196868896484375e+02,1.135334014892578125e+02,1.832087860107421875e+02,1.673502655029296875e+02,1.767797088623046875e+02
8.046824645996093750e+01,9.528012847900390625e+01,1.791832885742187500e+02,1.119407424926757812e+02,1.049709167480468750e+02,1.368900146484375000e+02,7.845796966552734375e+01,1.714456176757812500e+02,1.455483551025390625e+02,1.834744873046875000e+02
8.376407623291015625e+01,1.114767150878906250e+02,1.716352844238281250e+02,9.533624267578125000e+01,1.206993331909179688e+02,1.499179382324218750e+02,1.057258224487304688e+02,1.733428497314453125e+02,1.746320037841796875e+02,1.649242858886718750e+02
8.172098541259765625e+01,1.123261718750000000e+02,1.742857666015625000e+02,9.499097442626953125e+01,1.290932312011718750e+02,1.538921203613281250e+02,1.187560806274414062e+02,1.878010711669921875e+02,1.746832427978515625e+02,1.772410430908203125e+02
8.640501403808593750e+01,1.055309295654296875e+02,1.752014923095703125e+02,1.013635787963867188e+02,1.449851379394531250e+02,1.364105377197265625e+02,9.808960723876953125e+01,1.687693634033203125e+02,1.709775390625000000e+02,1.663148803710937500e+02
8.038631439208984375e+01,1.043802490234375000e+02,1.727569122314453125e+02,1.028747177124023438e+02,1.331315307617187500e+02,1.586804809570312500e+02,9.415567016601562500e+01,1.703983306884765625e+02,1.614123535156250000e+02,1.707837066650390625e+02
7.445994567871093750e+01,1.076787109375000000e+02,1.800183563232421875e+02,9.945743560791015625e+01,1.359873199462890625e+02,1.492884979248046875e+02,9.784207153320312500e+01,1.851339111328125000e+02,1.723814849853515625e+02,1.781882476806640625e+02
7.946022033691406250e+01,1.078835067749023438e+02,1.788348999023437500e+02,9.912496185302734375e+01,1.302921905517578125e+02,1.457663269042968750e+02,1.069262542724609375e+02,1.829051055908203125e+02,1.670315246582031250e+02,1.766742706298828125e+02
7.775131988525390625e+01,1.125943069458007812e+02,1.721026000976562500e+02,9.512666320800781250e+01,1.239276809692382812e+02,1.251423568725585938e+02,1.031815490722656250e+02,1.838651428222656250e+02,1.625996398925781250e+02,1.726033782958984375e+02
8.084383392333984375e+01,1.142783432006835938e+02,1.723773193359375000e+02,9.328449249267578125e+01,1.292035064697265625e+02,1.339040222167968750e+02,1.027737579345703125e+02,1.743951721191406250e+02,1.746062011718750000e+02,1.571398315429687500e+02
8.314875793457031250e+01,1.045843582153320312e+02,1.760224914550781250e+02,1.024789733886718750e+02,1.367208709716796875e+02,1.466622467041015625e+02,1.004480514526367188e+02,1.813211364746093750e+02,1.587877197265625000e+02,1.782090301513671875e+02
8.136882019042968750e+01,9.966825103759765625e+01,1.795214691162109375e+02,1.075171890258789062e+02,1.263502197265625000e+02,1.499346466064453125e+02,9.294713592529296875e+01,1.703459014892578125e+02,1.550282897949218750e+02,1.766445159912109375e+02
8.370953369140625000e+01,1.005826568603515625e+02,1.744724578857421875e+02,1.070906066894531250e+02,1.210817108154296875e+02,1.409974822998046875e+02,9.202033996582031250e+01,1.694064788818359375e+02,1.631805267333984375e+02,1.759806823730468750e+02
8.163491058349609375e+01,1.061919326782226562e+02,1.766361389160156250e+02,1.010116958618164062e+02,1.295481414794921875e+02,1.468298492431640625e+02,1.065364303588867188e+02,1.815332946777343750e+02,1.616678161621093750e+02,1.792677917480468750e+02
6.787355804443359375e+01,1.219449234008789062e+02,1.758707885742187500e+02,8.604536437988281250e+01,1.178163757324218750e+02,1.265099868774414062e+02,1.094149322509765625e+02,1.904338226318359375e+02,1.655694274902343750e+02,1.728582305908203125e+02
8.719904327392578125e+01,9.686032867431640625e+01,1.754743957519531250e+02,1.104823303222656250e+02,1.463213653564453125e+02,1.316995239257812500e+02,9.869074249267578125e+01,1.713470001220703125e+02,1.546710968017578125e+02,1.802104034423828125e+02
7.082863616943359375e+01,1.167580108642578125e+02,1.836846771240234375e+02,9.097996520996093750e+01,1.386025390625000000e+02,1.550042877197265625e+02,1.119453201293945312e+02,1.877586975097656250e+02,1.786221466064453125e+02,1.748328399658203125e+02
8.401039123535156250e+01,9.705908203125000000e+01,1.753646697998046875e+02,1.099583969116210938e+02,1.412620544433593750e+02,1.405954589843750000e+02,8.185650634765625000e+01,1.646799316406250000e+02,1.514829559326171875e+02,1.727160491943359375e+02
8.578271484375000000e+01,9.786732482910156250e+01,1.754962463378906250e+02,1.095739517211914062e+02,1.104468002319335938e+02,1.435861358642578125e+02,9.781693267822265625e+01,1.787480468750000000e+02,1.429802246093750000e+02,1.863615112304687500e+02
8.495026397705078125e+01,9.892369842529296875e+01,1.709495086669921875e+02,1.081989593505859375e+02,1.411477661132812500e+02,1.336253204345703125e+02,9.393461608886718750e+01,1.680500946044921875e+02,1.538074645996093750e+02,1.742431793212890625e+02
8.138436889648437500e+01,9.354629516601562500e+01,1.782317657470703125e+02,1.140041503906250000e+02,1.229076309204101562e+02,1.495129547119140625e+02,8.242075347900390625e+01,1.633205413818359375e+02,1.539360656738281250e+02,1.773042144775390625e+02
7.499114990234375000e+01,1.159942245483398438e+02,1.700617370605468750e+02,9.155838012695312500e+01,1.250413360595703125e+02,1.484540863037109375e+02,1.203538742065429688e+02,1.917855682373046875e+02,1.698203582763671875e+02,1.805324554443359375e+02
8.435073089599609375e+01,8.481233978271484375e+01,1.835906372070312500e+02,1.231769866943359375e+02,1.115704269409179688e+02,1.416884307861328125e+02,7.552355194091796875e+01,1.712620086669921875e+02,1.326090850830078125e+02,1.945954437255859375e+02
7.870526123046875000e+01,1.181454925537109375e+02,1.721334838867187500e+02,8.942911529541015625e+01,1.405112915039062500e+02,1.525847473144531250e+02,1.065527648925781250e+02,1.792856140136718750e+02,1.800790100097656250e+02,1.547928924560546875e+02
8.308190155029296875e+01,1.074863662719726562e+02,1.711514282226562500e+02,9.981253814697265625e+01,1.297919464111328125e+02,1.414855346679687500e+02,1.017950515747070312e+02,1.767743682861328125e+02,1.624631958007812500e+02,1.705969238281250000e+02
7.891048431396484375e+01,1.039041900634765625e+02,1.786354217529296875e+02,1.034007873535156250e+02,1.452653503417968750e+02,1.286866607666015625e+02,1.107885818481445312e+02,1.817626495361328125e+02,1.642327880859375000e+02,1.789085388183593750e+02
7.097468566894531250e+01,1.060746765136718750e+02,1.861259460449218750e+02,1.007695617675781250e+02,1.225699310302734375e+02,1.469231719970703125e+02,9.475164794921875000e+01,1.772878570556640625e+02,1.683708801269531250e+02,1.744412841796875000e+02
8.249868011474609375e+01,1.087295684814453125e+02,1.709275665283203125e+02,9.822714996337890625e+01,1.582648162841796875e+02,1.482348480224609375e+02,9.704638671875000000e+01,1.750882415771484375e+02,1.629818725585937500e+02,1.640831146240234375e+02
8.732496643066406250e+01,9.005101776123046875e+01,1.790164337158203125e+02,1.176372985839843750e+02,1.374540710449218750e+02,1.329688110351562500e+02,8.313294219970703125e+01,1.593719940185546875e+02,1.487093200683593750e+02,1.752203826904296875e+02
8.879609680175781250e+01,9.424289703369140625e+01,1.685229949951171875e+02,1.128528289794921875e+02,1.314306945800781250e+02,1.434018859863281250e+02,8.897282409667968750e+01,1.692460327148437500e+02,1.396226654052734375e+02,1.785802764892578125e+02
8.024372100830078125e+01,1.151997375488281250e+02,1.701486053466796875e+02,9.239024353027343750e+01,1.353556060791015625e+02,1.282400665283203125e+02,1.103991317749023438e+02,1.791445312500000000e+02,1.753961639404296875e+02,1.625991058349609375e+02
7.818539428710937500e+01,1.024317703247070312e+02,1.782354736328125000e+02,1.049729537963867188e+02,1.426829223632812500e+02,1.442413635253906250e+02,9.885455322265625000e+01,1.790043334960937500e+02,1.637023468017578125e+02,1.823134155273437500e+02
7.677613067626953125e+01,1.033584060668945312e+02,1.790418243408203125e+02,1.038553848266601562e+02,1.277346420288085938e+02,1.281503448486328125e+02,9.219264984130859375e+01,1.661057434082031250e+02,1.671721649169921875e+02,1.670707244873046875e+02
8.282290649414062500e+01,1.034015121459960938e+02,1.738215484619140625e+02,1.035195465087890625e+02,1.178787765502929688e+02,1.481451873779296875e+02,9.824687194824218750e+01,1.723049621582031250e+02,1.598187561035156250e+02,1.735511169433593750e+02
8.102019500732421875e+01,8.709351348876953125e+01,1.765973663330078125e+02,1.201904067993164062e+02,1.185385971069335938e+02,1.421635284423828125e+02,7.915499114990234375e+01,1.600338439941406250e+02,1.387840423583984375e+02,1.811471557617187500e+02
8.249478149414062500e+01,1.092568130493164062e+02,1.668296661376953125e+02,9.805615234375000000e+01,1.235675811767578125e+02,1.276110763549804688e+02,1.094061508178710938e+02,1.829899444580078125e+02,1.548945312500000000e+02,1.784891052246093750e+02
7.872338104248046875e+01,1.114006271362304688e+02,1.799692993164062500e+02,9.551509857177734375e+01,1.331995697021484375e+02,1.467028045654296875e+02,1.176820297241210938e+02,1.882952270507812500e+02,1.698878173828125000e+02,1.805680694580078125e+02
8.369152832031250000e+01,9.570812225341796875e+01,1.774872894287109375e+02,1.117057647705078125e+02,1.341715393066406250e+02,1.509587554931640625e+02,8.623251342773437500e+01,1.656135711669921875e+02,1.513990631103515625e+02,1.769486389160156250e+02
7.745957946777343750e+01,1.161759567260742188e+02,1.719566802978515625e+02,9.186083984375000000e+01,1.385972290039062500e+02,1.602880859375000000e+02,1.097787628173828125e+02,1.850929107666015625e+02,1.689913177490234375e+02,1.727602996826171875e+02
8.485761260986328125e+01,1.124488983154296875e+02,1.703192749023437500e+02,9.494739532470703125e+01,1.197981338500976562e+02,1.539901428222656250e+02,1.119038772583007812e+02,1.794963531494140625e+02,1.743921356201171875e+02,1.693482055664062500e+02
8.810080718994140625e+01,1.123315887451171875e+02,1.657315979003906250e+02,9.512959289550781250e+01,1.451502227783203125e+02,1.213554153442382812e+02,1.175821914672851562e+02,1.765053863525390625e+02,1.708793487548828125e+02,1.639227294921875000e+02
9.033625030517578125e+01,8.962536621093750000e+01,1.779163055419921875e+02,1.185246810913085938e+02,1.427579345703125000e+02,1.443132324218750000e+02,8.497446441650390625e+01,1.575897521972656250e+02,1.493796844482421875e+02,1.786682128906250000e+02
6.959720611572265625e+01,1.135401077270507812e+02,1.855542297363281250e+02,9.376519012451171875e+01,1.308485870361328125e+02,1.447411499023437500e+02,1.096144027709960938e+02,1.878670654296875000e+02,1.741411590576171875e+02,1.777601928710937500e+02
7.918101501464843750e+01,1.114753570556640625e+02,1.738367919921875000e+02,9.577084350585937500e+01,1.234589996337890625e+02,1.483093261718750000e+02,1.071767883300781250e+02,1.817066650390625000e+02,1.711201324462890625e+02,1.698385314941406250e+02
8.201472473144531250e+01,1.090555419921875000e+02,1.719139099121093750e+02,9.775430297851562500e+01,1.310714569091796875e+02,1.446660766601562500e+02,1.019032058715820312e+02,1.739613647460937500e+02,1.710421447753906250e+02,1.654624938964843750e+02
7.767628479003906250e+01,9.898820495605468750e+01,1.802917022705078125e+02,1.082321014404296875e+02,1.410621185302734375e+02,1.550736694335937500e+02,9.080313110351562500e+01,1.807680358886718750e+02,1.531495971679687500e+02,1.857511444091796875e+02
7.661064147949218750e+01,9.669013977050781250e+01,1.807922821044921875e+02,1.109016494750976562e+02,1.030904235839843750e+02,1.299532470703125000e+02,8.467060852050781250e+01,1.730441741943359375e+02,1.485006103515625000e+02,1.832218017578125000e+02
8.433148956298828125e+01,9.879097747802734375e+01,1.796409149169921875e+02,1.085254135131835938e+02,1.147268447875976562e+02,1.306412200927734375e+02,8.890650177001953125e+01,1.753226470947265625e+02,1.429599914550781250e+02,1.808793334960937500e+02
7.238573455810546875e+01,9.911164093017578125e+01,1.833404693603515625e+02,1.079391860961914062e+02,1.303314361572265625e+02,1.518010711669921875e+02,9.168066406250000000e+01,1.839841918945312500e+02,1.534403991699218750e+02,1.885753631591796875e+02
8.762222290039062500e+01,1.135184020996093750e+02,1.666035461425781250e+02,9.366233825683593750e+01,1.198212051391601562e+02,1.458345031738281250e+02,1.117465286254882812e+02,1.698988037109375000e+02,1.780721740722656250e+02,1.540190124511718750e+02
7.465200042724609375e+01,9.960913085937500000e+01,1.816770324707031250e+02,1.073894042968750000e+02,1.291768493652343750e+02,1.521617279052734375e+02,8.887670135498046875e+01,1.709414367675781250e+02,1.604666748046875000e+02,1.712089538574218750e+02
8.478572845458984375e+01,1.101734466552734375e+02,1.705742797851562500e+02,9.687467193603515625e+01,1.611335906982421875e+02,1.389476928710937500e+02,1.045845413208007812e+02,1.791379852294921875e+02,1.663229217529296875e+02,1.661659240722656250e+02
7.744944763183593750e+01,8.763883972167968750e+01,1.836793365478515625e+02,1.200476837158203125e+02,1.088120193481445312e+02,1.589637451171875000e+02,7.662237548828125000e+01,1.714638214111328125e+02,1.383777313232421875e+02,1.901127319335937500e+02
7.950170135498046875e+01,9.488214111328125000e+01,1.830626678466796875e+02,1.128076782226562500e+02,1.122778778076171875e+02,1.367904663085937500e+02,8.361420440673828125e+01,1.770310058593750000e+02,1.408827819824218750e+02,1.870846862792968750e+02
9.333458709716796875e+01,8.574126434326171875e+01,1.717137756347656250e+02,1.217193298339843750e+02,1.314805297851562500e+02,1.414695129394531250e+02,8.681247711181640625e+01,1.607757568359375000e+02,1.335183868408203125e+02,1.846608428955078125e+02
8.865626525878906250e+01,8.468417358398437500e+01,1.786641845703125000e+02,1.234070281982421875e+02,1.217249679565429688e+02,1.329978179931640625e+02,7.328091430664062500e+01,1.528428649902343750e+02,1.359940032958984375e+02,1.778835144042968750e+02
8.629565429687500000e+01,9.876291656494140625e+01,1.819807586669921875e+02,1.085725708007812500e+02,1.203761291503906250e+02,1.541033172607421875e+02,1.053293304443359375e+02,1.789851226806640625e+02,1.588728790283203125e+02,1.870380859375000000e+02
7.931276702880859375e+01,1.010320587158203125e+02,1.777599792480468750e+02,1.065569076538085938e+02,1.275897827148437500e+02,1.490906829833984375e+02,9.276399230957031250e+01,1.801023712158203125e+02,1.550116729736328125e+02,1.846914978027343750e+02
7.541426849365234375e+01,1.111043090820312500e+02,1.762893829345703125e+02,9.551895141601562500e+01,1.458581695556640625e+02,1.472952423095703125e+02,1.042255172729492188e+02,1.820762634277343750e+02,1.684270935058593750e+02,1.680060577392578125e+02
7.470585632324218750e+01,1.026148529052734375e+02,1.803899841308593750e+02,1.044014053344726562e+02,1.293397521972656250e+02,1.489148864746093750e+02,1.012328262329101562e+02,1.817636108398437500e+02,1.554497833251953125e+02,1.833676147460937500e+02
8.362880706787109375e+01,1.097338409423828125e+02,1.677012634277343750e+02,9.777729797363281250e+01,1.170931091308593750e+02,1.275615081787109375e+02,9.880251312255859375e+01,1.724983825683593750e+02,1.607292938232421875e+02,1.666151428222656250e+02
7.308036804199218750e+01,1.091495895385742188e+02,1.739428863525390625e+02,9.822479248046875000e+01,1.365485534667968750e+02,1.405709075927734375e+02,1.102371063232421875e+02,1.905822906494140625e+02,1.640974273681640625e+02,1.831724243164062500e+02
8.340354156494140625e+01,1.050861968994140625e+02,1.753897857666015625e+02,1.018404541015625000e+02,1.117285385131835938e+02,1.511186370849609375e+02,1.033688278198242188e+02,1.782653961181640625e+02,1.643852691650390625e+02,1.770064239501953125e+02
8.344991302490234375e+01,1.176576843261718750e+02,1.649582672119140625e+02,9.014040374755859375e+01,1.214319229125976562e+02,1.376528930664062500e+02,1.143027343750000000e+02,1.807246551513671875e+02,1.705947570800781250e+02,1.628695983886718750e+02
8.767047119140625000e+01,9.880000305175781250e+01,1.690739440917968750e+02,1.080807800292968750e+02,1.336467590332031250e+02,1.424770202636718750e+02,9.675424194335937500e+01,1.746404418945312500e+02,1.451746978759765625e+02,1.789778594970703125e+02
6.753006744384765625e+01,9.887991333007812500e+01,1.963078002929687500e+02,1.084309234619140625e+02,1.226432342529296875e+02,1.330703277587890625e+02,8.850594329833984375e+01,1.786995239257812500e+02,1.620761108398437500e+02,1.829662780761718750e+02
8.748363494873046875e+01,1.054357223510742188e+02,1.678128051757812500e+02,1.016177978515625000e+02,1.225141677856445312e+02,1.335997161865234375e+02,1.051261367797851562e+02,1.729753875732421875e+02,1.616730957031250000e+02,1.704376220703125000e+02
8.588896942138671875e+01,9.181920623779296875e+01,1.721785888671875000e+02,1.156593017578125000e+02,9.219577026367187500e+01,1.381592102050781250e+02,8.120170593261718750e+01,1.625561370849609375e+02,1.392697753906250000e+02,1.822479705810546875e+02
8.866513061523437500e+01,1.051231384277343750e+02,1.688803863525390625e+02,1.025070877075195312e+02,1.104570617675781250e+02,1.425021820068359375e+02,1.027768020629882812e+02,1.794513092041015625e+02,1.527635040283203125e+02,1.781584167480468750e+02
7.726050567626953125e+01,1.018918075561523438e+02,1.820654144287109375e+02,1.052279663085937500e+02,1.224532470703125000e+02,1.391741943359375000e+02,9.149716949462890625e+01,1.728409729003906250e+02,1.621358337402343750e+02,1.758202056884765625e+02
8.353598785400390625e+01,9.711383819580078125e+01,1.772342681884765625e+02,1.100514602661132812e+02,1.387169342041015625e+02,1.378968200683593750e+02,8.480014038085937500e+01,1.639970397949218750e+02,1.544815673828125000e+02,1.735168151855468750e+02
7.804341888427734375e+01,1.115674896240234375e+02,1.709387664794921875e+02,9.597000122070312500e+01,1.385307159423828125e+02,1.490212707519531250e+02,9.939754486083984375e+01,1.738069152832031250e+02,1.742697601318359375e+02,1.593370971679687500e+02
7.532743835449218750e+01,1.036312484741210938e+02,1.748432769775390625e+02,1.037960357666015625e+02,1.450193634033203125e+02,1.477532501220703125e+02,1.036724853515625000e+02,1.899060058593750000e+02,1.544588317871093750e+02,1.899426422119140625e+02
7.584507751464843750e+01,1.018040313720703125e+02,1.799510345458984375e+02,1.052589797973632812e+02,1.218283615112304688e+02,1.392869110107421875e+02,9.278842163085937500e+01,1.818515625000000000e+02,1.497304534912109375e+02,1.832406768798828125e+02
7.497983551025390625e+01,1.120217437744140625e+02,1.744376373291015625e+02,9.547468566894531250e+01,1.345244293212890625e+02,1.471727600097656250e+02,1.026727066040039062e+02,1.798254089355468750e+02,1.723650207519531250e+02,1.664859924316406250e+02
8.148873138427734375e+01,1.035398635864257812e+02,1.686861419677734375e+02,1.030905303955078125e+02,1.142877273559570312e+02,1.215176620483398438e+02,8.521329498291015625e+01,1.675585632324218750e+02,1.514180603027343750e+02,1.682766723632812500e+02
7.859329986572265625e+01,1.038004684448242188e+02,1.827241058349609375e+02,1.031071701049804688e+02,1.289614410400390625e+02,1.366553497314453125e+02,9.321395111083984375e+01,1.691828460693359375e+02,1.693628234863281250e+02,1.674441833496093750e+02
8.311256408691406250e+01,1.035479278564453125e+02,1.728211364746093750e+02,1.034815368652343750e+02,1.324485321044921875e+02,1.385780944824218750e+02,1.021875000000000000e+02,1.772024230957031250e+02,1.602692565917968750e+02,1.761984710693359375e+02
7.939310455322265625e+01,1.065539321899414062e+02,1.811774139404296875e+02,1.011090164184570312e+02,1.285867156982421875e+02,1.441179809570312500e+02,9.856341552734375000e+01,1.775303039550781250e+02,1.653428344726562500e+02,1.745529479980468750e+02
8.213072967529296875e+01,1.066379318237304688e+02,1.730583801269531250e+02,1.007409515380859375e+02,1.350773620605468750e+02,1.393067779541015625e+02,9.758123779296875000e+01,1.714372253417968750e+02,1.685463562011718750e+02,1.657349548339843750e+02
8.815648651123046875e+01,1.018059997558593750e+02,1.711362152099609375e+02,1.051857223510742188e+02,1.173431549072265625e+02,1.473253784179687500e+02,9.577894592285156250e+01,1.624728851318359375e+02,1.603782043457031250e+02,1.648774871826171875e+02
7.892376708984375000e+01,1.142020950317382812e+02,1.664721984863281250e+02,9.326680755615234375e+01,1.519935302734375000e+02,1.425223846435546875e+02,1.181861801147460938e+02,1.889728088378906250e+02,1.676068267822265625e+02,1.733908233642578125e+02
7.678450775146484375e+01,1.098477554321289062e+02,1.748297424316406250e+02,9.726079559326171875e+01,1.183992919921875000e+02,1.273081970214843750e+02,1.007007141113281250e+02,1.817249755859375000e+02,1.587132415771484375e+02,1.764350585937500000e+02
8.273770904541015625e+01,9.574167633056640625e+01,1.755029754638671875e+02,1.117862014770507812e+02,1.368937530517578125e+02,1.496961212158203125e+02,9.348799896240234375e+01,1.829839477539062500e+02,1.419161834716796875e+02,1.892389678955078125e+02
7.473676300048828125e+01,8.883418273925781250e+01,1.830186614990234375e+02,1.181169509887695312e+02,1.289184722900390625e+02,1.187026824951171875e+02,7.532357788085937500e+01,1.649243469238281250e+02,1.446601409912109375e+02,1.808021087646484375e+02
8.006787109375000000e+01,1.041876068115234375e+02,1.795376892089843750e+02,1.033873519897460938e+02,1.159587783813476562e+02,1.336023101806640625e+02,9.261451721191406250e+01,1.721269378662109375e+02,1.646818695068359375e+02,1.725915222167968750e+02
7.723191833496093750e+01,1.210909118652343750e+02,1.725982971191406250e+02,8.614393615722656250e+01,1.270439147949218750e+02,1.329950714111328125e+02,1.152358703613281250e+02,1.814881591796875000e+02,1.784167785644531250e+02,1.588103332519531250e+02
8.448286437988281250e+01,1.027019195556640625e+02,1.763632965087890625e+02,1.045037384033203125e+02,1.391663818359375000e+02,1.412434234619140625e+02,1.003888778686523438e+02,1.805073852539062500e+02,1.609301605224609375e+02,1.805665130615234375e+02
7.648574829101562500e+01,8.869207763671875000e+01,1.851458129882812500e+02,1.189100646972656250e+02,1.381880035400390625e+02,1.471542816162109375e+02,8.154002380371093750e+01,1.733087768554687500e+02,1.421907348632812500e+02,1.897692413330078125e+02
7.576326751708984375e+01,9.285641479492187500e+01,1.836284332275390625e+02,1.148878097534179688e+02,1.313650054931640625e+02,1.613730468750000000e+02,7.345522308349609375e+01,1.679585723876953125e+02,1.453897857666015625e+02,1.776697387695312500e+02
7.705299377441406250e+01,1.208185806274414062e+02,1.663728942871093750e+02,8.730371093750000000e+01,1.452746582031250000e+02,1.346570739746093750e+02,1.078289413452148438e+02,1.778067626953125000e+02,1.770321044921875000e+02,1.504365692138671875e+02
7.860907745361328125e+01,1.007871627807617188e+02,1.799277343750000000e+02,1.065534057617187500e+02,1.479252014160156250e+02,1.443400573730468750e+02,1.032981109619140625e+02,1.895437469482421875e+02,1.526672973632812500e+02,1.905026397705078125e+02
7.232460021972656250e+01,1.037298278808593750e+02,1.787099456787109375e+02,1.031266784667968750e+02,9.876383972167968750e+01,1.499352569580078125e+02,9.472323608398437500e+01,1.849801177978515625e+02,1.470773010253906250e+02,1.875053558349609375e+02
8.146230316162109375e+01,1.012215957641601562e+02,1.793604736328125000e+02,1.061121597290039062e+02,1.198180084228515625e+02,1.406334991455078125e+02,9.504316711425781250e+01,1.788746948242187500e+02,1.545924377441406250e+02,1.824237518310546875e+02
8.066998291015625000e+01,9.891874694824218750e+01,1.750173950195312500e+02,1.084560546875000000e+02,1.371966094970703125e+02,1.542327270507812500e+02,8.629640960693359375e+01,1.695533447265625000e+02,1.499559020996093750e+02,1.742841339111328125e+02
7.194736480712890625e+01,1.039005279541015625e+02,1.792319641113281250e+02,1.033040466308593750e+02,1.244117813110351562e+02,1.549376525878906250e+02,8.796697235107421875e+01,1.718791198730468750e+02,1.672453460693359375e+02,1.683995208740234375e+02
8.137257385253906250e+01,1.108574981689453125e+02,1.731923522949218750e+02,9.631188201904296875e+01,1.507755279541015625e+02,1.267926254272460938e+02,1.119942779541015625e+02,1.737442474365234375e+02,1.730414428710937500e+02,1.631392517089843750e+02
8.715560913085937500e+01,1.095970687866210938e+02,1.652841186523437500e+02,9.745273590087890625e+01,1.145731887817382812e+02,1.425909423828125000e+02,1.100052871704101562e+02,1.839434356689453125e+02,1.554389343261718750e+02,1.782000122070312500e+02
7.626078796386718750e+01,1.083589859008789062e+02,1.800818939208984375e+02,9.885781097412109375e+01,1.277197036743164062e+02,1.503292388916015625e+02,1.051078796386718750e+02,1.801758117675781250e+02,1.662715148925781250e+02,1.749781341552734375e+02
7.342001342773437500e+01,1.093179016113281250e+02,1.818031311035156250e+02,9.810874938964843750e+01,1.373217773437500000e+02,1.456699523925781250e+02,1.071718444824218750e+02,1.866114196777343750e+02,1.650220336914062500e+02,1.810450897216796875e+02
7.662444305419921875e+01,1.054766998291015625e+02,1.715491638183593750e+02,1.017564697265625000e+02,1.416902160644531250e+02,1.487755279541015625e+02,8.745375061035156250e+01,1.676978759765625000e+02,1.621289215087890625e+02,1.650313110351562500e+02
7.847458648681640625e+01,1.074813461303710938e+02,1.705576019287109375e+02,9.966861724853515625e+01,1.153856201171875000e+02,1.410830688476562500e+02,9.488881683349609375e+01,1.729993896484375000e+02,1.620847167968750000e+02,1.701923980712890625e+02
7.497505187988281250e+01,1.004341278076171875e+02,1.828585662841796875e+02,1.070102005004882812e+02,1.217900085449218750e+02,1.461032257080078125e+02,9.505164337158203125e+01,1.778074493408203125e+02,1.577874908447265625e+02,1.815714569091796875e+02
7.871127319335937500e+01,1.051762542724609375e+02,1.769201354980468750e+02,1.018305435180664062e+02,1.216279449462890625e+02,1.478462524414062500e+02,1.011858596801757812e+02,1.852771453857421875e+02,1.610622406005859375e+02,1.851540679931640625e+02
7.671248626708984375e+01,1.027163162231445312e+02,1.780459136962890625e+02,1.041118698120117188e+02,1.298707580566406250e+02,1.434775238037109375e+02,9.046326446533203125e+01,1.757487182617187500e+02,1.598748168945312500e+02,1.750445861816406250e+02
8.091109466552734375e+01,1.029633636474609375e+02,1.688021087646484375e+02,1.044831695556640625e+02,1.043656463623046875e+02,1.386820373535156250e+02,9.052804565429687500e+01,1.760445098876953125e+02,1.502787780761718750e+02,1.769325256347656250e+02
7.881682586669921875e+01,1.106011886596679688e+02,1.733588409423828125e+02,9.683345031738281250e+01,1.471748504638671875e+02,1.410034027099609375e+02,1.002815246582031250e+02,1.754493408203125000e+02,1.705690612792968750e+02,1.634152069091796875e+02
8.318181610107421875e+01,1.033838577270507812e+02,1.738102874755859375e+02,1.040200653076171875e+02,1.426139831542968750e+02,1.431631164550781250e+02,8.697377014160156250e+01,1.646626129150390625e+02,1.646802520751953125e+02,1.640151519775390625e+02
7.926213073730468750e+01,1.197799301147460938e+02,1.668957214355468750e+02,8.811964416503906250e+01,1.298515472412109375e+02,1.378631591796875000e+02,1.226639404296875000e+02,1.858675842285156250e+02,1.765728759765625000e+02,1.656032714843750000e+02
8.063959503173828125e+01,1.121791458129882812e+02,1.723385314941406250e+02,9.545693969726562500e+01,1.391567535400390625e+02,1.334845428466796875e+02,1.156781997680664062e+02,1.853831176757812500e+02,1.682922210693359375e+02,1.737132263183593750e+02
7.387589263916015625e+01,1.273993682861328125e+02,1.679709777832031250e+02,8.094517517089843750e+01,1.512749176025390625e+02,1.458812561035156250e+02,1.192429885864257812e+02,1.837171325683593750e+02,1.870304718017578125e+02,1.534895629882812500e+02
7.813983917236328125e+01,9.958677673339843750e+01,1.798565368652343750e+02,1.075881195068359375e+02,1.312171783447265625e+02,1.503312835693359375e+02,8.566292572021484375e+01,1.685375213623046875e+02,1.615284271240234375e+02,1.740490722656250000e+02
8.033222198486328125e+01,1.229211196899414062e+02,1.662040863037109375e+02,8.528091430664062500e+01,1.260235137939453125e+02,1.541723480224609375e+02,1.217042312622070312e+02,1.778920288085937500e+02,1.887933197021484375e+02,1.530346374511718750e+02
8.591428375244140625e+01,1.074305267333984375e+02,1.697118835449218750e+02,9.972325897216796875e+01,1.136437606811523438e+02,1.547168579101562500e+02,1.085929183959960938e+02,1.871224975585937500e+02,1.541223907470703125e+02,1.847466125488281250e+02
7.897640991210937500e+01,1.119087219238281250e+02,1.726293334960937500e+02,9.565515899658203125e+01,1.300284423828125000e+02,1.330595550537109375e+02,1.075179443359375000e+02,1.832610931396484375e+02,1.663611755371093750e+02,1.728497924804687500e+02
6.293797683715820312e+01,1.079833602905273438e+02,1.880388641357421875e+02,9.931190490722656250e+01,1.328167114257812500e+02,1.312070617675781250e+02,9.534225463867187500e+01,1.856600036621093750e+02,1.721193084716796875e+02,1.801702880859375000e+02
7.800988769531250000e+01,1.076858749389648438e+02,1.732300567626953125e+02,9.961342620849609375e+01,1.323814697265625000e+02,1.329407196044921875e+02,1.003350143432617188e+02,1.836580963134765625e+02,1.583209991455078125e+02,1.783045043945312500e+02
7.759830474853515625e+01,1.260831222534179688e+02,1.656400909423828125e+02,8.263705444335937500e+01,1.438179626464843750e+02,1.353468017578125000e+02,1.227360382080078125e+02,1.822784271240234375e+02,1.825878753662109375e+02,1.526807861328125000e+02
8.315493011474609375e+01,9.291095733642578125e+01,1.782605133056640625e+02,1.142589797973632812e+02,1.424174804687500000e+02,1.332274627685546875e+02,9.010324096679687500e+01,1.677753906250000000e+02,1.514081573486328125e+02,1.804152221679687500e+02
7.820873260498046875e+01,1.164619140625000000e+02,1.738459472656250000e+02,9.101107788085937500e+01,1.131787338256835938e+02,1.279405670166015625e+02,1.010085678100585938e+02,1.816748046875000000e+02,1.707390289306640625e+02,1.630811767578125000e+02
7.923540496826171875e+01,1.011573181152343750e+02,1.791590270996093750e+02,1.060958251953125000e+02,1.340780639648437500e+02,1.182934951782226562e+02,9.636133575439453125e+01,1.749543151855468750e+02,1.571470489501953125e+02,1.774542694091796875e+02
8.282734680175781250e+01,1.187714233398437500e+02,1.654889678955078125e+02,8.879927062988281250e+01,1.274372787475585938e+02,1.473788604736328125e+02,1.195724563598632812e+02,1.830490112304687500e+02,1.760611114501953125e+02,1.639077301025390625e+02
7.858934783935546875e+01,1.026374053955078125e+02,1.775050811767578125e+02,1.042009429931640625e+02,1.320864257812500000e+02,1.450663452148437500e+02,9.067197418212890625e+01,1.713812408447265625e+02,1.695505371093750000e+02,1.684816284179687500e+02
8.298966979980468750e+01,1.253368606567382812e+02,1.690837097167968750e+02,8.263103485107421875e+01,1.142654953002929688e+02,1.316000213623046875e+02,1.231561431884765625e+02,1.815683898925781250e+02,1.818717498779296875e+02,1.559950714111328125e+02
7.776919555664062500e+01,1.072870330810546875e+02,1.735707702636718750e+02,9.978192138671875000e+01,1.367097015380859375e+02,1.448684234619140625e+02,9.597635650634765625e+01,1.701240081787109375e+02,1.717284545898437500e+02,1.633274078369140625e+02
7.290292358398437500e+01,1.133348083496093750e+02,1.722353363037109375e+02,9.412197113037109375e+01,1.323208007812500000e+02,1.435741424560546875e+02,1.039590988159179688e+02,1.820210418701171875e+02,1.681439666748046875e+02,1.683666687011718750e+02
8.092255401611328125e+01,1.030719833374023438e+02,1.760303344726562500e+02,1.042129745483398438e+02,1.348191833496093750e+02,1.452785491943359375e+02,8.651091003417968750e+01,1.673019866943359375e+02,1.648859100341796875e+02,1.666126098632812500e+02
8.509552764892578125e+01,1.228475723266601562e+02,1.632179870605468750e+02,8.470870971679687500e+01,1.137373962402343750e+02,1.374320220947265625e+02,1.200364685058593750e+02,1.842244873046875000e+02,1.706582946777343750e+02,1.629683837890625000e+02
7.721080780029296875e+01,9.952225494384765625e+01,1.814708709716796875e+02,1.073822174072265625e+02,1.174877471923828125e+02,1.484349975585937500e+02,9.332601165771484375e+01,1.733971557617187500e+02,1.633809356689453125e+02,1.773030700683593750e+02
8.881240081787109375e+01,1.070503234863281250e+02,1.660940399169921875e+02,1.010888442993164062e+02,1.035404357910156250e+02,1.431281738281250000e+02,1.097427291870117188e+02,1.789360198974609375e+02,1.554266204833984375e+02,1.745567016601562500e+02
8.298590087890625000e+01,1.216723709106445312e+02,1.635155792236328125e+02,8.622804260253906250e+01,1.302044219970703125e+02,1.462485351562500000e+02,1.253447341918945312e+02,1.798001098632812500e+02,1.839891204833984375e+02,1.565287170410156250e+02
7.312499237060546875e+01,1.055876770019531250e+02,1.819304199218750000e+02,1.008758010864257812e+02,1.211448593139648438e+02,1.401581420898437500e+02,9.879490661621093750e+01,1.827747650146484375e+02,1.610820922851562500e+02,1.814134521484375000e+02
8.767475128173828125e+01,9.513027954101562500e+01,1.783098602294921875e+02,1.131125183105468750e+02,1.203229141235351562e+02,1.554133605957031250e+02,8.858930206298828125e+01,1.663121490478515625e+02,1.562765502929687500e+02,1.808882293701171875e+02
6.974436187744140625e+01,9.626165008544921875e+01,1.873000640869140625e+02,1.112001342773437500e+02,1.208581619262695312e+02,1.628436126708984375e+02,8.332557678222656250e+01,1.824869537353515625e+02,1.447069854736328125e+02,1.903461761474609375e+02
7.748733520507812500e+01,8.685894775390625000e+01,1.887481231689453125e+02,1.215129928588867188e+02,1.264173049926757812e+02,1.469567871093750000e+02,8.270820617675781250e+01,1.748648529052734375e+02,1.356069793701171875e+02,1.903999481201171875e+02
8.330497741699218750e+01,1.073887176513671875e+02,1.715284118652343750e+02,9.995020294189453125e+01,1.337744140625000000e+02,1.455296936035156250e+02,1.098678894042968750e+02,1.844412231445312500e+02,1.634562530517578125e+02,1.801361541748046875e+02
8.449586486816406250e+01,1.088657150268554688e+02,1.697447814941406250e+02,9.867616271972656250e+01,1.435703277587890625e+02,1.500383453369140625e+02,1.118511657714843750e+02,1.853269042968750000e+02,1.654313964843750000e+02,1.778649139404296875e+02
8.677424621582031250e+01,8.806797027587890625e+01,1.805382537841796875e+02,1.201566009521484375e+02,1.181946258544921875e+02,1.461844635009765625e+02,8.105506134033203125e+01,1.623471832275390625e+02,1.446635437011718750e+02,1.852735595703125000e+02
8.023223114013671875e+01,1.007738265991210938e+02,1.827323913574218750e+02,1.063484573364257812e+02,1.387951507568359375e+02,1.390602874755859375e+02,9.610601043701171875e+01,1.774435424804687500e+02,1.619180145263671875e+02,1.784459991455078125e+02
8.296070098876953125e+01,9.905587768554687500e+01,1.768955688476562500e+02,1.080603027343750000e+02,1.144185867309570312e+02,1.550791168212890625e+02,9.549088287353515625e+01,1.731663818359375000e+02,1.590546722412109375e+02,1.826945953369140625e+02
7.061859130859375000e+01,1.146799240112304688e+02,1.877471160888671875e+02,9.260952758789062500e+01,1.486085968017578125e+02,1.365183563232421875e+02,1.204521865844726562e+02,1.912961883544921875e+02,1.795250549316406250e+02,1.803870086669921875e+02
8.197516632080078125e+01,8.863740539550781250e+01,1.790730133056640625e+02,1.189785919189453125e+02,1.330811004638671875e+02,1.381358489990234375e+02,7.051342773437500000e+01,1.570644226074218750e+02,1.513038635253906250e+02,1.783775787353515625e+02
8.554521942138671875e+01,1.147825088500976562e+02,1.683849182128906250e+02,9.307984924316406250e+01,1.392516784667968750e+02,1.408232879638671875e+02,1.158343963623046875e+02,1.752541198730468750e+02,1.749003295898437500e+02,1.599347076416015625e+02
6.956315612792968750e+01,1.049805679321289062e+02,1.853518981933593750e+02,1.022718582153320312e+02,1.353805999755859375e+02,1.702795410156250000e+02,1.018940124511718750e+02,1.935466156005859375e+02,1.538715057373046875e+02,1.923946380615234375e+02
8.957295989990234375e+01,1.100880584716796875e+02,1.640493164062500000e+02,9.742832946777343750e+01,1.152469100952148438e+02,1.480163269042968750e+02,1.119659423828125000e+02,1.702856903076171875e+02,1.744512786865234375e+02,1.608877868652343750e+02
7.588443756103515625e+01,1.048756332397460938e+02,1.775111389160156250e+02,1.021031951904296875e+02,1.393627929687500000e+02,1.240180816650390625e+02,1.035155410766601562e+02,1.764169616699218750e+02,1.689874114990234375e+02,1.736680450439453125e+02
8.337055969238281250e+01,9.286489868164062500e+01,1.827578582763671875e+02,1.149494247436523438e+02,1.296645202636718750e+02,1.503483276367187500e+02,9.292504882812500000e+01,1.778689575195312500e+02,1.442796783447265625e+02,1.890679016113281250e+02
7.402896118164062500e+01,1.113929290771484375e+02,1.747523498535156250e+02,9.590068817138671875e+01,1.272998199462890625e+02,1.460939178466796875e+02,1.034640655517578125e+02,1.819322204589843750e+02,1.647729949951171875e+02,1.746187896728515625e+02
6.889320373535156250e+01,8.270764160156250000e+01,1.924898223876953125e+02,1.251022338867187500e+02,1.162484893798828125e+02,1.665322570800781250e+02,6.935704040527343750e+01,1.699358367919921875e+02,1.375049285888671875e+02,1.957222290039062500e+02
8.147354125976562500e+01,1.082960357666015625e+02,1.725887908935546875e+02,9.877264404296875000e+01,1.361347198486328125e+02,1.428361663818359375e+02,9.961008453369140625e+01,1.715826263427734375e+02,1.682356567382812500e+02,1.632462158203125000e+02
8.327976989746093750e+01,1.012856369018554688e+02,1.754705352783203125e+02,1.059789886474609375e+02,1.446925354003906250e+02,1.361410522460937500e+02,9.501226043701171875e+01,1.692410430908203125e+02,1.580432739257812500e+02,1.702906951904296875e+02
7.522874450683593750e+01,1.030559005737304688e+02,1.744649505615234375e+02,1.041402206420898438e+02,1.186051177978515625e+02,1.447407684326171875e+02,9.123216247558593750e+01,1.706660766601562500e+02,1.601769256591796875e+02,1.708996124267578125e+02
7.674328613281250000e+01,9.699476623535156250e+01,1.876144561767578125e+02,1.109764480590820312e+02,1.311746978759765625e+02,1.580211791992187500e+02,7.889202117919921875e+01,1.665424957275390625e+02,1.658478088378906250e+02,1.741184844970703125e+02
8.668773651123046875e+01,1.014711761474609375e+02,1.730484008789062500e+02,1.055776367187500000e+02,1.391395416259765625e+02,1.417440643310546875e+02,9.239046478271484375e+01,1.680785827636718750e+02,1.614449768066406250e+02,1.688118133544921875e+02
8.061118316650390625e+01,1.145993652343750000e+02,1.699903411865234375e+02,9.289727783203125000e+01,1.482131347656250000e+02,1.369431457519531250e+02,1.218464355468750000e+02,1.874019470214843750e+02,1.688965759277343750e+02,1.732010650634765625e+02
8.044923400878906250e+01,1.087465133666992188e+02,1.818995666503906250e+02,9.807296752929687500e+01,1.227351531982421875e+02,1.304176483154296875e+02,9.990790557861328125e+01,1.771984405517578125e+02,1.652755432128906250e+02,1.718150024414062500e+02
8.227767944335937500e+01,1.167712326049804688e+02,1.641173706054687500e+02,9.113909912109375000e+01,1.518413696289062500e+02,1.307980346679687500e+02,1.158546981811523438e+02,1.749269866943359375e+02,1.739486694335937500e+02,1.543840484619140625e+02
7.552402496337890625e+01,1.278758544921875000e+02,1.647977294921875000e+02,8.071907806396484375e+01,1.324168548583984375e+02,1.539241790771484375e+02,1.215928344726562500e+02,1.835894165039062500e+02,1.850652160644531250e+02,1.527222595214843750e+02
8.832369995117187500e+01,1.006383743286132812e+02,1.720086212158203125e+02,1.066032562255859375e+02,1.070903320312500000e+02,1.465733184814453125e+02,9.651761627197265625e+01,1.684859313964843750e+02,1.560876770019531250e+02,1.742140960693359375e+02
8.592150115966796875e+01,1.021160812377929688e+02,1.785707397460937500e+02,1.048793945312500000e+02,1.154862365722656250e+02,1.454029846191406250e+02,1.035962905883789062e+02,1.891526794433593750e+02,1.539578704833984375e+02,1.902669067382812500e+02
8.491680908203125000e+01,1.021942291259765625e+02,1.780866394042968750e+02,1.052439727783203125e+02,1.151911544799804688e+02,1.533276824951171875e+02,1.000572433471679688e+02,1.801764984130859375e+02,1.576342926025390625e+02,1.848986968994140625e+02
7.700284576416015625e+01,1.086551361083984375e+02,1.829598236083984375e+02,9.854516601562500000e+01,1.231962432861328125e+02,1.425069732666015625e+02,1.083423309326171875e+02,1.920291748046875000e+02,1.605270385742187500e+02,1.886662750244140625e+02
8.311836242675781250e+01,1.037194671630859375e+02,1.774757995605468750e+02,1.038833312988281250e+02,1.156622543334960938e+02,1.437921142578125000e+02,1.080633392333984375e+02,1.836195373535156250e+02,1.555473327636718750e+02,1.827476196289062500e+02
8.680456542968750000e+01,1.019785842895507812e+02,1.728714447021484375e+02,1.049345321655273438e+02,1.164732284545898438e+02,1.314226989746093750e+02,9.416973114013671875e+01,1.731892547607421875e+02,1.526211395263671875e+02,1.746158752441406250e+02
7.716470336914062500e+01,1.049621353149414062e+02,1.730491638183593750e+02,1.018969116210937500e+02,1.250148315429687500e+02,1.484089050292968750e+02,9.097386169433593750e+01,1.708389892578125000e+02,1.637016601562500000e+02,1.684824829101562500e+02
7.425191497802734375e+01,1.218282546997070312e+02,1.722129058837890625e+02,8.605642700195312500e+01,1.295324707031250000e+02,1.538019256591796875e+02,1.233691253662109375e+02,1.886554870605468750e+02,1.801198577880859375e+02,1.694732971191406250e+02
8.378843688964843750e+01,1.150370407104492188e+02,1.702332305908203125e+02,9.240168762207031250e+01,1.233078918457031250e+02,1.511514434814453125e+02,1.152081756591796875e+02,1.764158782958984375e+02,1.778156738281250000e+02,1.608087158203125000e+02
7.474201202392578125e+01,1.064279174804687500e+02,1.817205047607421875e+02,1.011686172485351562e+02,1.384892120361328125e+02,1.373908233642578125e+02,9.852313995361328125e+01,1.814988403320312500e+02,1.603773498535156250e+02,1.807980804443359375e+02
8.111640930175781250e+01,1.084617919921875000e+02,1.748138580322265625e+02,9.842892456054687500e+01,1.379964904785156250e+02,1.448838500976562500e+02,1.040116577148437500e+02,1.793110961914062500e+02,1.706961669921875000e+02,1.693233184814453125e+02
7.805012512207031250e+01,1.100820236206054688e+02,1.729095306396484375e+02,9.771790313720703125e+01,1.359979553222656250e+02,1.523290557861328125e+02,1.029995040893554688e+02,1.773777770996093750e+02,1.733845367431640625e+02,1.652651672363281250e+02
7.654902648925781250e+01,9.375396728515625000e+01,1.794361267089843750e+02,1.134539871215820312e+02,1.358804168701171875e+02,1.391913452148437500e+02,8.815008544921875000e+01,1.721984405517578125e+02,1.470374603271484375e+02,1.829143524169921875e+02
8.385308837890625000e+01,1.031703643798828125e+02,1.778531036376953125e+02,1.039560699462890625e+02,1.303041992187500000e+02,1.448094329833984375e+02,9.737551879882812500e+01,1.699374237060546875e+02,1.684874572753906250e+02,1.680780029296875000e+02
8.476925659179687500e+01,1.131588592529296875e+02,1.669622802734375000e+02,9.465020751953125000e+01,1.182002182006835938e+02,1.391247558593750000e+02,1.134122695922851562e+02,1.747302398681640625e+02,1.720311889648437500e+02,1.632799224853515625e+02
8.534963226318359375e+01,1.010302429199218750e+02,1.761238861083984375e+02,1.063355255126953125e+02,1.186918945312500000e+02,1.288031005859375000e+02,9.079209136962890625e+01,1.719170227050781250e+02,1.545718994140625000e+02,1.775151214599609375e+02
8.222925567626953125e+01,1.088527908325195312e+02,1.761971435546875000e+02,9.858927154541015625e+01,1.343217163085937500e+02,1.386721343994140625e+02,1.031911544799804688e+02,1.752776336669921875e+02,1.722949676513671875e+02,1.677362213134765625e+02
8.531994628906250000e+01,1.048104782104492188e+02,1.656213378906250000e+02,1.024885177612304688e+02,1.317870483398437500e+02,1.425960083007812500e+02,9.928321075439453125e+01,1.731893157958984375e+02,1.550760955810546875e+02,1.710651855468750000e+02
7.067814636230468750e+01,1.099982986450195312e+02,1.823801269531250000e+02,9.727896118164062500e+01,1.234507522583007812e+02,1.356287841796875000e+02,9.370574951171875000e+01,1.774010314941406250e+02,1.730798797607421875e+02,1.672723693847656250e+02
8.727328491210937500e+01,9.290553283691406250e+01,1.769921722412109375e+02,1.147790985107421875e+02,1.040627517700195312e+02,1.397018585205078125e+02,8.750765991210937500e+01,1.708040466308593750e+02,1.433000335693359375e+02,1.847905426025390625e+02
7.241125488281250000e+01,1.082717819213867188e+02,1.779665679931640625e+02,9.904843139648437500e+01,1.321015472412109375e+02,1.314895019531250000e+02,9.723405456542968750e+01,1.797646484375000000e+02,1.654913940429687500e+02,1.737569427490234375e+02
8.730944061279296875e+01,1.036068801879882812e+02,1.723947296142578125e+02,1.031205902099609375e+02,1.532938079833984375e+02,1.439184112548828125e+02,1.071158523559570312e+02,1.805350799560546875e+02,1.548176574707031250e+02,1.810014801025390625e+02
7.847354125976562500e+01,1.130403900146484375e+02,1.749136657714843750e+02,9.462438201904296875e+01,1.460078735351562500e+02,1.413150329589843750e+02,1.147047500610351562e+02,1.834734191894531250e+02,1.663616485595703125e+02,1.729486083984375000e+02
8.338056182861328125e+01,1.064742507934570312e+02,1.657397460937500000e+02,1.004823150634765625e+02,1.185722198486328125e+02,1.436753845214843750e+02,1.010810394287109375e+02,1.725041656494140625e+02,1.569430236816406250e+02,1.693642425537109375e+02
8.549711608886718750e+01,1.000324249267578125e+02,1.732783966064453125e+02,1.074913177490234375e+02,1.276501617431640625e+02,1.440789642333984375e+02,8.847140502929687500e+01,1.648124542236328125e+02,1.578204040527343750e+02,1.701779632568359375e+02
7.607778930664062500e+01,8.805137634277343750e+01,1.884131317138671875e+02,1.197612533569335938e+02,1.307213897705078125e+02,1.512507171630859375e+02,7.274626159667968750e+01,1.627865753173828125e+02,1.461990661621093750e+02,1.832238769531250000e+02
7.004158782958984375e+01,9.466100311279296875e+01,1.908052062988281250e+02,1.129618682861328125e+02,1.337415161132812500e+02,1.549250793457031250e+02,8.372706604003906250e+01,1.799115142822265625e+02,1.549031829833984375e+02,1.882134246826171875e+02
8.633312225341796875e+01,1.086244049072265625e+02,1.703643341064453125e+02,9.865654754638671875e+01,1.244858322143554688e+02,1.385596466064453125e+02,1.049500503540039062e+02,1.778610534667968750e+02,1.686756286621093750e+02,1.707362976074218750e+02
7.895326995849609375e+01,8.894122314453125000e+01,1.832607269287109375e+02,1.194435501098632812e+02,1.299136657714843750e+02,1.571395721435546875e+02,7.501027679443359375e+01,1.651115722656250000e+02,1.499349517822265625e+02,1.822442169189453125e+02
7.253218078613281250e+01,1.140643997192382812e+02,1.758948669433593750e+02,9.310398101806640625e+01,1.340667572021484375e+02,1.382243347167968750e+02,1.112633972167968750e+02,1.820235748291015625e+02,1.743090972900390625e+02,1.696949157714843750e+02
9.006141662597656250e+01,8.530094146728515625e+01,1.786060028076171875e+02,1.230981063842773438e+02,1.356049652099609375e+02,1.434614562988281250e+02,7.263303375244140625e+01,1.526706848144531250e+02,1.392305603027343750e+02,1.777453155517578125e+02
7.418193817138671875e+01,1.117905120849609375e+02,1.721331024169921875e+02,9.542481231689453125e+01,1.290233459472656250e+02,1.367663116455078125e+02,1.041075134277343750e+02,1.822733764648437500e+02,1.657754821777343750e+02,1.730073089599609375e+02
8.333921051025390625e+01,8.804442596435546875e+01,1.784481353759765625e+02,1.197397842407226562e+02,1.355113372802734375e+02,1.396505584716796875e+02,8.200312805175781250e+01,1.619472198486328125e+02,1.462147979736328125e+02,1.821910552978515625e+02
8.362433624267578125e+01,1.115445480346679688e+02,1.687482604980468750e+02,9.562227630615234375e+01,1.456960296630859375e+02,1.502381439208984375e+02,1.152191162109375000e+02,1.807835540771484375e+02,1.672859039306640625e+02,1.702055358886718750e+02
8.026951599121093750e+01,1.185189437866210938e+02,1.697300262451171875e+02,8.905010986328125000e+01,1.503403320312500000e+02,1.443268280029296875e+02,1.106288146972656250e+02,1.786823272705078125e+02,1.751741333007812500e+02,1.556118469238281250e+02
8.524538421630859375e+01,1.062268295288085938e+02,1.764763946533203125e+02,1.012273559570312500e+02,1.257701339721679688e+02,1.356081695556640625e+02,1.052599487304687500e+02,1.755218353271484375e+02,1.640546417236328125e+02,1.710467987060546875e+02
8.907910156250000000e+01,9.061997985839843750e+01,1.793033447265625000e+02,1.169156036376953125e+02,1.039581680297851562e+02,1.419776916503906250e+02,8.576992034912109375e+01,1.632925109863281250e+02,1.531191253662109375e+02,1.801546783447265625e+02
8.138501739501953125e+01,1.131918106079101562e+02,1.686369781494140625e+02,9.407366180419921875e+01,1.047522125244140625e+02,1.333695068359375000e+02,1.098596343994140625e+02,1.838487701416015625e+02,1.588823699951171875e+02,1.710214843750000000e+02
8.402053833007812500e+01,1.207103347778320312e+02,1.750947570800781250e+02,8.702553558349609375e+01,1.444423522949218750e+02,1.434765777587890625e+02,1.193715591430664062e+02,1.828024291992187500e+02,1.814829711914062500e+02,1.609281616210937500e+02
7.175659942626953125e+01,9.620179748535156250e+01,1.864322357177734375e+02,1.109257202148437500e+02,1.196008911132812500e+02,1.628519287109375000e+02,8.195264434814453125e+01,1.700165405273437500e+02,1.650305175781250000e+02,1.770897674560546875e+02
7.329248809814453125e+01,9.567278289794921875e+01,1.795324859619140625e+02,1.114100341796875000e+02,9.688304901123046875e+01,1.402345123291015625e+02,8.084537506103515625e+01,1.718301849365234375e+02,1.466476745605468750e+02,1.837667541503906250e+02
7.888642120361328125e+01,1.122982559204101562e+02,1.721347656250000000e+02,9.464174652099609375e+01,1.317496337890625000e+02,1.439814147949218750e+02,1.067697753906250000e+02,1.769841613769531250e+02,1.760063629150390625e+02,1.602791442871093750e+02
8.430401611328125000e+01,1.056226654052734375e+02,1.774380950927734375e+02,1.015949096679687500e+02,1.207751235961914062e+02,1.366342926025390625e+02,9.545501708984375000e+01,1.677335205078125000e+02,1.669748077392578125e+02,1.655083007812500000e+02
8.565082550048828125e+01,9.413726043701171875e+01,1.750393981933593750e+02,1.139309616088867188e+02,1.455782012939453125e+02,1.355074462890625000e+02,8.450681304931640625e+01,1.603011627197265625e+02,1.508063201904296875e+02,1.746822509765625000e+02
8.148995208740234375e+01,1.185819778442382812e+02,1.655750579833984375e+02,8.926086425781250000e+01,1.317182769775390625e+02,1.484035949707031250e+02,1.175171890258789062e+02,1.760319519042968750e+02,1.778182373046875000e+02,1.549052886962890625e+02
7.386874389648437500e+01,1.253479766845703125e+02,1.701970520019531250e+02,8.274816131591796875e+01,1.344947662353515625e+02,1.362555847167968750e+02,1.201962051391601562e+02,1.835795898437500000e+02,1.837359771728515625e+02,1.548948211669921875e+02
8.903942871093750000e+01,1.005606079101562500e+02,1.724331512451171875e+02,1.074378051757812500e+02,1.284152374267578125e+02,1.407760772705078125e+02,9.776785278320312500e+01,1.701437377929687500e+02,1.519875640869140625e+02,1.753269653320312500e+02
8.126198577880859375e+01,9.802593231201171875e+01,1.851351623535156250e+02,1.091871261596679688e+02,1.180627212524414062e+02,1.572077178955078125e+02,9.747120666503906250e+01,1.830260162353515625e+02,1.584512786865234375e+02,1.899031066894531250e+02
7.089099884033203125e+01,1.170370178222656250e+02,1.794417266845703125e+02,9.040506744384765625e+01,1.286992034912109375e+02,1.421385040283203125e+02,1.124616546630859375e+02,1.840560302734375000e+02,1.763477935791015625e+02,1.707790985107421875e+02
8.838532257080078125e+01,9.440229034423828125e+01,1.660976257324218750e+02,1.133399963378906250e+02,1.417357330322265625e+02,1.244869766235351562e+02,8.852082061767578125e+01,1.611470336914062500e+02,1.451843261718750000e+02,1.711692504882812500e+02
7.798663330078125000e+01,1.242567367553710938e+02,1.647936096191406250e+02,8.437620544433593750e+01,1.483656921386718750e+02,1.426669311523437500e+02,1.215247802734375000e+02,1.827400360107421875e+02,1.773952789306640625e+02,1.531001129150390625e+02
8.560989379882812500e+01,8.753673553466796875e+01,1.754742584228515625e+02,1.202475814819335938e+02,1.375739746093750000e+02,1.309061279296875000e+02,7.836655426025390625e+01,1.603564910888671875e+02,1.310030212402343750e+02,1.801883850097656250e+02
7.598908996582031250e+01,1.054744186401367188e+02,1.770193634033203125e+02,1.015977478027343750e+02,1.326375274658203125e+02,1.560373687744140625e+02,1.063257446289062500e+02,1.904920654296875000e+02,1.543240966796875000e+02,1.877098846435546875e+02
7.867447662353515625e+01,9.557656097412109375e+01,1.794629364013671875e+02,1.115991363525390625e+02,1.432750549316406250e+02,1.336561126708984375e+02,9.257407379150390625e+01,1.688695678710937500e+02,1.555898742675781250e+02,1.803769836425781250e+02
7.161442565917968750e+01,1.128464508056640625e+02,1.770035858154296875e+02,9.442518615722656250e+01,1.288980407714843750e+02,1.565729675292968750e+02,1.070975341796875000e+02,1.869360198974609375e+02,1.706512145996093750e+02,1.767239227294921875e+02
8.256554412841796875e+01,9.243245697021484375e+01,1.787425537109375000e+02,1.149391860961914062e+02,1.066246948242187500e+02,1.451246948242187500e+02,8.570352935791015625e+01,1.661182098388671875e+02,1.453071136474609375e+02,1.840918273925781250e+02
8.124305725097656250e+01,1.053149948120117188e+02,1.808737030029296875e+02,1.021209564208984375e+02,1.514513854980468750e+02,1.312131042480468750e+02,1.153358306884765625e+02,1.774623107910156250e+02,1.722626495361328125e+02,1.741577758789062500e+02
8.079637908935546875e+01,1.230880966186523438e+02,1.690156097412109375e+02,8.484822845458984375e+01,1.340603027343750000e+02,1.418172912597656250e+02,1.211237716674804688e+02,1.792914428710937500e+02,1.827469787597656250e+02,1.547076721191406250e+02
8.684477996826171875e+01,1.092002792358398438e+02,1.693732452392578125e+02,9.826821899414062500e+01,1.298733062744140625e+02,1.433627929687500000e+02,1.074795761108398438e+02,1.761078796386718750e+02,1.668566741943359375e+02,1.692087707519531250e+02
8.184755706787109375e+01,1.109119262695312500e+02,1.670122528076171875e+02,9.688554382324218750e+01,1.155337829589843750e+02,1.554728546142578125e+02,1.114756851196289062e+02,1.868870391845703125e+02,1.650745086669921875e+02,1.800236968994140625e+02
8.031021881103515625e+01,9.941571044921875000e+01,1.744535827636718750e+02,1.076062774658203125e+02,9.991042327880859375e+01,1.282439270019531250e+02,8.496742248535156250e+01,1.756510009765625000e+02,1.366891326904296875e+02,1.847733154296875000e+02
7.992951965332031250e+01,1.217959976196289062e+02,1.694752197265625000e+02,8.631101989746093750e+01,1.278065719604492188e+02,1.454851531982421875e+02,1.147682113647460938e+02,1.757160797119140625e+02,1.836731872558593750e+02,1.526656036376953125e+02
7.499391174316406250e+01,9.385537719726562500e+01,1.867647705078125000e+02,1.132636718750000000e+02,1.245525283813476562e+02,1.347418518066406250e+02,9.035353851318359375e+01,1.791486663818359375e+02,1.436452789306640625e+02,1.879564819335937500e+02
7.852983856201171875e+01,9.713291931152343750e+01,1.726992950439453125e+02,1.102423095703125000e+02,1.132790451049804688e+02,1.489676818847656250e+02,8.796502685546875000e+01,1.733454589843750000e+02,1.446241149902343750e+02,1.821361389160156250e+02
8.207850646972656250e+01,1.082613601684570312e+02,1.688250122070312500e+02,9.910203552246093750e+01,1.246810379028320312e+02,1.427819976806640625e+02,1.093025970458984375e+02,1.864320373535156250e+02,1.580022888183593750e+02,1.808116912841796875e+02
6.580662536621093750e+01,1.030555877685546875e+02,1.859488372802734375e+02,1.041315155029296875e+02,1.256257095336914062e+02,1.545378570556640625e+02,9.488674926757812500e+01,1.878348236083984375e+02,1.606453399658203125e+02,1.861551818847656250e+02
8.308776855468750000e+01,1.101182174682617188e+02,1.740556030273437500e+02,9.714509582519531250e+01,1.311202850341796875e+02,1.374678649902343750e+02,1.017224044799804688e+02,1.702555541992187500e+02,1.780337066650390625e+02,1.584640045166015625e+02
7.537609100341796875e+01,1.028375549316406250e+02,1.772150115966796875e+02,1.042310562133789062e+02,1.121454544067382812e+02,1.445531768798828125e+02,9.279296875000000000e+01,1.693209381103515625e+02,1.668872985839843750e+02,1.695005798339843750e+02
8.554361724853515625e+01,1.084552612304687500e+02,1.741241760253906250e+02,9.906838226318359375e+01,1.190409698486328125e+02,1.352122344970703125e+02,1.032115020751953125e+02,1.787593688964843750e+02,1.635892486572265625e+02,1.739226379394531250e+02
8.438284301757812500e+01,1.029184036254882812e+02,1.700964050292968750e+02,1.041605300903320312e+02,1.293323669433593750e+02,1.403957519531250000e+02,9.849542999267578125e+01,1.700348205566406250e+02,1.576909790039062500e+02,1.716835479736328125e+02
8.933713531494140625e+01,1.081896209716796875e+02,1.648749542236328125e+02,9.930041503906250000e+01,1.114388122558593750e+02,1.321746978759765625e+02,1.076774902343750000e+02,1.797844848632812500e+02,1.541190032958984375e+02,1.749542846679687500e+02
8.677127075195312500e+01,1.000729293823242188e+02,1.709528503417968750e+02,1.066749572753906250e+02,1.300665435791015625e+02,1.449677734375000000e+02,9.797941589355468750e+01,1.766375122070312500e+02,1.477374267578125000e+02,1.814768371582031250e+02
8.742543029785156250e+01,1.042504196166992188e+02,1.658040008544921875e+02,1.032455215454101562e+02,9.985772705078125000e+01,1.409797058105468750e+02,1.025644760131835938e+02,1.803464202880859375e+02,1.460104675292968750e+02,1.788635711669921875e+02
8.766535949707031250e+01,9.692611694335937500e+01,1.729261779785156250e+02,1.107134780883789062e+02,1.099866027832031250e+02,1.325181274414062500e+02,9.060246276855468750e+01,1.667488098144531250e+02,1.477691802978515625e+02,1.777492980957031250e+02
7.668077087402343750e+01,1.068536148071289062e+02,1.821229400634765625e+02,1.001064758300781250e+02,1.378986053466796875e+02,1.577850494384765625e+02,1.045241165161132812e+02,1.885943908691406250e+02,1.623852539062500000e+02,1.839609222412109375e+02
8.535564422607421875e+01,1.069514846801757812e+02,1.696304626464843750e+02,1.003397674560546875e+02,1.554301300048828125e+02,1.325002899169921875e+02,1.191171188354492188e+02,1.774886474609375000e+02,1.696708374023437500e+02,1.719821472167968750e+02
8.248720550537109375e+01,1.086747360229492188e+02,1.690683898925781250e+02,9.880795288085937500e+01,1.518470306396484375e+02,1.348266448974609375e+02,1.153781585693359375e+02,1.814747619628906250e+02,1.678399505615234375e+02,1.741444854736328125e+02
8.098087310791015625e+01,1.121720352172851562e+02,1.691376342773437500e+02,9.503553009033203125e+01,1.408712310791015625e+02,1.329509429931640625e+02,1.064785919189453125e+02,1.760195922851562500e+02,1.693951263427734375e+02,1.630132751464843750e+02
8.611161041259765625e+01,1.047359237670898438e+02,1.670006561279296875e+02,1.023677291870117188e+02,1.145778427124023438e+02,1.311636047363281250e+02,9.466393280029296875e+01,1.747646942138671875e+02,1.544594421386718750e+02,1.731018066406250000e+02
8.661862945556640625e+01,9.066378784179687500e+01,1.812421875000000000e+02,1.169210433959960938e+02,1.216227035522460938e+02,1.391439666748046875e+02,8.186470794677734375e+01,1.657287292480468750e+02,1.476225128173828125e+02,1.832227935791015625e+02
7.618087768554687500e+01,1.059921569824218750e+02,1.769036102294921875e+02,1.009373550415039062e+02,1.287378082275390625e+02,1.471056518554687500e+02,9.765068054199218750e+01,1.827849884033203125e+02,1.610720062255859375e+02,1.781866912841796875e+02
8.045156860351562500e+01,1.069090118408203125e+02,1.727642211914062500e+02,9.996143341064453125e+01,1.413934631347656250e+02,1.214409637451171875e+02,1.142621994018554688e+02,1.796238250732421875e+02,1.643913574218750000e+02,1.738395690917968750e+02
7.869080352783203125e+01,9.936467742919921875e+01,1.794096679687500000e+02,1.077688064575195312e+02,1.411717681884765625e+02,1.391922607421875000e+02,9.744792175292968750e+01,1.788923797607421875e+02,1.492522125244140625e+02,1.813236999511718750e+02
8.325568389892578125e+01,1.131052398681640625e+02,1.644890594482421875e+02,9.488848876953125000e+01,1.308656158447265625e+02,1.328691864013671875e+02,1.024955749511718750e+02,1.717250823974609375e+02,1.716197204589843750e+02,1.584178314208984375e+02
8.079258728027343750e+01,9.618533325195312500e+01,1.802946319580078125e+02,1.109249649047851562e+02,1.415626220703125000e+02,1.465826416015625000e+02,9.797545623779296875e+01,1.851387176513671875e+02,1.499367523193359375e+02,1.918038330078125000e+02
8.152129364013671875e+01,9.526819610595703125e+01,1.831197509765625000e+02,1.120765609741210938e+02,1.138906555175781250e+02,1.289466705322265625e+02,8.481443786621093750e+01,1.722170257568359375e+02,1.463949127197265625e+02,1.816918640136718750e+02
8.389017486572265625e+01,1.079519348144531250e+02,1.721478881835937500e+02,9.931513214111328125e+01,1.317612457275390625e+02,1.426027221679687500e+02,1.023392257690429688e+02,1.728042297363281250e+02,1.651656494140625000e+02,1.670774078369140625e+02
7.771304321289062500e+01,1.202035827636718750e+02,1.728186187744140625e+02,8.759136199951171875e+01,1.451782836914062500e+02,1.486977539062500000e+02,1.128503799438476562e+02,1.833430023193359375e+02,1.791734466552734375e+02,1.593899841308593750e+02
7.869110107421875000e+01,1.165098342895507812e+02,1.664886627197265625e+02,9.142039489746093750e+01,1.180930862426757812e+02,1.496667480468750000e+02,1.144197158813476562e+02,1.767696380615234375e+02,1.768169097900390625e+02,1.593423156738281250e+02
6.392553329467773438e+01,1.046722335815429688e+02,1.922980194091796875e+02,1.027289276123046875e+02,1.365646057128906250e+02,1.286180114746093750e+02,1.024618225097656250e+02,1.853365173339843750e+02,1.670777587890625000e+02,1.834974822998046875e+02
8.493069458007812500e+01,9.989292907714843750e+01,1.758892059326171875e+02,1.072090530395507812e+02,1.372663726806640625e+02,1.381842041015625000e+02,9.721694946289062500e+01,1.685147399902343750e+02,1.568330993652343750e+02,1.759553833007812500e+02
7.678157043457031250e+01,1.083618850708007812e+02,1.722094879150390625e+02,9.892839050292968750e+01,1.354371795654296875e+02,1.496775512695312500e+02,9.511315155029296875e+01,1.727027282714843750e+02,1.664727783203125000e+02,1.668065032958984375e+02
7.176736450195312500e+01,1.080282592773437500e+02,1.821127777099609375e+02,9.915794372558593750e+01,1.293499603271484375e+02,1.530367279052734375e+02,9.604496765136718750e+01,1.800529937744140625e+02,1.624465637207031250e+02,1.737305297851562500e+02
8.257077789306640625e+01,1.162564010620117188e+02,1.666798858642578125e+02,9.133826446533203125e+01,1.157217254638671875e+02,1.372477722167968750e+02,1.139791183471679688e+02,1.784525451660156250e+02,1.729550018310546875e+02,1.618472595214843750e+02
8.011191558837890625e+01,1.193634414672851562e+02,1.640710449218750000e+02,8.833872985839843750e+01,1.199746780395507812e+02,1.251981964111328125e+02,1.178018264770507812e+02,1.791497497558593750e+02,1.762056732177734375e+02,1.600036315917968750e+02
8.364507293701171875e+01,1.052743911743164062e+02,1.767957916259765625e+02,1.022689819335937500e+02,1.284300079345703125e+02,1.378554077148437500e+02,9.866906738281250000e+01,1.723988800048828125e+02,1.695215148925781250e+02,1.690907592773437500e+02
8.021650695800781250e+01,9.222928619384765625e+01,1.818161163330078125e+02,1.152096405029296875e+02,1.294771575927734375e+02,1.490014801025390625e+02,8.906260681152343750e+01,1.789662628173828125e+02,1.462133178710937500e+02,1.913647918701171875e+02
8.492333984375000000e+01,1.012602844238281250e+02,1.784872894287109375e+02,1.057680435180664062e+02,1.252693023681640625e+02,1.345022430419921875e+02,1.029552154541015625e+02,1.761991271972656250e+02,1.535244598388671875e+02,1.792388458251953125e+02
6.101507949829101562e+01,1.027963790893554688e+02,1.938839874267578125e+02,1.039903640747070312e+02,1.235628509521484375e+02,1.478267211914062500e+02,9.405016326904296875e+01,1.912658843994140625e+02,1.604964752197265625e+02,1.914726867675781250e+02
8.137370300292968750e+01,1.094604797363281250e+02,1.736286926269531250e+02,9.756955718994140625e+01,1.236168289184570312e+02,1.515055084228515625e+02,1.077042465209960938e+02,1.759221801757812500e+02,1.733086395263671875e+02,1.672236938476562500e+02
8.073660278320312500e+01,8.715760803222656250e+01,1.794606628417968750e+02,1.204245910644531250e+02,1.303161010742187500e+02,1.486597290039062500e+02,7.233960723876953125e+01,1.589743804931640625e+02,1.426404266357421875e+02,1.811550292968750000e+02
8.808860015869140625e+01,9.150421905517578125e+01,1.790758514404296875e+02,1.168601379394531250e+02,1.383856353759765625e+02,1.386897277832031250e+02,7.939740753173828125e+01,1.574803314208984375e+02,1.470019683837890625e+02,1.756260375976562500e+02
7.649789428710937500e+01,9.025582885742187500e+01,1.822297973632812500e+02,1.171075057983398438e+02,1.350373687744140625e+02,1.477388458251953125e+02,8.154977416992187500e+01,1.716188201904296875e+02,1.413522186279296875e+02,1.869879608154296875e+02
8.250724792480468750e+01,8.118156433105468750e+01,1.824835510253906250e+02,1.268456115722656250e+02,1.140276947021484375e+02,1.578906555175781250e+02,6.647473907470703125e+01,1.652900085449218750e+02,1.299435882568359375e+02,1.912389831542968750e+02
7.949710083007812500e+01,1.056504364013671875e+02,1.692722320556640625e+02,1.015768508911132812e+02,1.248048782348632812e+02,1.494608764648437500e+02,1.030912399291992188e+02,1.771138763427734375e+02,1.567871856689453125e+02,1.759290618896484375e+02
8.007559967041015625e+01,1.018490066528320312e+02,1.764014282226562500e+02,1.055932617187500000e+02,1.291626434326171875e+02,1.442911682128906250e+02,9.466786193847656250e+01,1.757276458740234375e+02,1.610539245605468750e+02,1.776560058593750000e+02
7.045826721191406250e+01,1.039527282714843750e+02,1.858319854736328125e+02,1.030501556396484375e+02,1.239305877685546875e+02,1.352052459716796875e+02,9.307335662841796875e+01,1.808637542724609375e+02,1.576208038330078125e+02,1.817678070068359375e+02
8.156085205078125000e+01,1.032577209472656250e+02,1.790802001953125000e+02,1.042248840332031250e+02,1.316231689453125000e+02,1.294775695800781250e+02,9.962717437744140625e+01,1.775628662109375000e+02,1.621076660156250000e+02,1.776868286132812500e+02
8.936949157714843750e+01,1.032759780883789062e+02,1.721025238037109375e+02,1.037548065185546875e+02,1.147322463989257812e+02,1.544717712402343750e+02,1.105623855590820312e+02,1.799035034179687500e+02,1.577163085937500000e+02,1.830888671875000000e+02
7.763831329345703125e+01,1.094373168945312500e+02,1.815839385986328125e+02,9.807955932617187500e+01,1.576221160888671875e+02,1.392515716552734375e+02,1.136693725585937500e+02,1.878725585937500000e+02,1.707592163085937500e+02,1.811984252929687500e+02
6.712677001953125000e+01,1.085232543945312500e+02,1.841089935302734375e+02,9.880387115478515625e+01,1.323361358642578125e+02,1.547922668457031250e+02,9.300539398193359375e+01,1.860229492187500000e+02,1.675248718261718750e+02,1.817256927490234375e+02
7.478286743164062500e+01,1.048504104614257812e+02,1.811747283935546875e+02,1.020906982421875000e+02,1.212776794433593750e+02,1.402145080566406250e+02,9.128266143798828125e+01,1.730316925048828125e+02,1.692388153076171875e+02,1.693514862060546875e+02
8.779963684082031250e+01,9.828007507324218750e+01,1.723297119140625000e+02,1.094384002685546875e+02,1.021923828125000000e+02,1.392041168212890625e+02,9.489143371582031250e+01,1.726273193359375000e+02,1.469173278808593750e+02,1.807845764160156250e+02
8.482826995849609375e+01,1.040434112548828125e+02,1.764089202880859375e+02,1.034993286132812500e+02,1.533707580566406250e+02,1.464801330566406250e+02,9.870021057128906250e+01,1.765955505371093750e+02,1.655980072021484375e+02,1.692285156250000000e+02
7.892880249023437500e+01,1.074834823608398438e+02,1.735151062011718750e+02,9.968120574951171875e+01,1.208493957519531250e+02,1.410450897216796875e+02,9.816667175292968750e+01,1.796716461181640625e+02,1.592394256591796875e+02,1.740704498291015625e+02
8.170180511474609375e+01,9.858589935302734375e+01,1.790203857421875000e+02,1.082954864501953125e+02,1.430493927001953125e+02,1.377203063964843750e+02,9.470685577392578125e+01,1.707214660644531250e+02,1.589968719482421875e+02,1.752751464843750000e+02
8.198348999023437500e+01,1.253412399291992188e+02,1.593998413085937500e+02,8.314340209960937500e+01,1.310572662353515625e+02,1.426547393798828125e+02,1.256688995361328125e+02,1.855957031250000000e+02,1.800923614501953125e+02,1.594391784667968750e+02
8.548036193847656250e+01,9.602433776855468750e+01,1.769688110351562500e+02,1.117228927612304688e+02,1.357215270996093750e+02,1.560937805175781250e+02,8.556137847900390625e+01,1.728752593994140625e+02,1.455651245117187500e+02,1.796409606933593750e+02
7.931442260742187500e+01,1.048460388183593750e+02,1.750083465576171875e+02,1.018511199951171875e+02,1.505602722167968750e+02,1.316470031738281250e+02,1.116077804565429688e+02,1.827231597900390625e+02,1.656607055664062500e+02,1.789772644042968750e+02
7.843270874023437500e+01,1.215362014770507812e+02,1.727257995605468750e+02,8.643856048583984375e+01,1.251703414916992188e+02,1.485341339111328125e+02,1.230458679199218750e+02,1.823182678222656250e+02,1.771942596435546875e+02,1.646889495849609375e+02
8.094995117187500000e+01,1.007714080810546875e+02,1.782092742919921875e+02,1.063819808959960938e+02,1.119348754882812500e+02,1.457179260253906250e+02,9.178380584716796875e+01,1.657299346923828125e+02,1.609856414794921875e+02,1.700445556640625000e+02
7.767089080810546875e+01,1.060450592041015625e+02,1.753962402343750000e+02,1.010587539672851562e+02,1.422826690673828125e+02,1.316282958984375000e+02,1.051485671997070312e+02,1.799600982666015625e+02,1.665729370117187500e+02,1.751764831542968750e+02
7.574949645996093750e+01,9.898889923095703125e+01,1.810522918701171875e+02,1.082352142333984375e+02,1.154460296630859375e+02,1.472503204345703125e+02,8.577249908447265625e+01,1.638705596923828125e+02,1.660802001953125000e+02,1.712472991943359375e+02
8.629916381835937500e+01,9.621246337890625000e+01,1.750463409423828125e+02,1.114122314453125000e+02,1.326007690429687500e+02,1.376151428222656250e+02,9.340473175048828125e+01,1.721111297607421875e+02,1.513820648193359375e+02,1.820698699951171875e+02
8.227756500244140625e+01,1.163494338989257812e+02,1.653455200195312500e+02,9.157121276855468750e+01,1.295988311767578125e+02,1.417820129394531250e+02,1.123152084350585938e+02,1.764515533447265625e+02,1.749874877929687500e+02,1.572097473144531250e+02
8.340296173095703125e+01,9.264634704589843750e+01,1.821411895751953125e+02,1.149813613891601562e+02,1.331233673095703125e+02,1.380970306396484375e+02,8.941405487060546875e+01,1.709901428222656250e+02,1.446193695068359375e+02,1.821667022705078125e+02
7.711262512207031250e+01,1.049195632934570312e+02,1.830395202636718750e+02,1.023624725341796875e+02,1.328057098388671875e+02,1.426743316650390625e+02,9.288285064697265625e+01,1.686538848876953125e+02,1.717253112792968750e+02,1.669560394287109375e+02
7.840663909912109375e+01,9.938573455810546875e+01,1.804651641845703125e+02,1.077756271362304688e+02,1.289149627685546875e+02,1.539812316894531250e+02,9.302608489990234375e+01,1.704092254638671875e+02,1.585794677734375000e+02,1.751659545898437500e+02
7.447640228271484375e+01,1.111223907470703125e+02,1.712858276367187500e+02,9.629840850830078125e+01,1.384707946777343750e+02,1.482932434082031250e+02,9.817623901367187500e+01,1.763293914794921875e+02,1.684606323242187500e+02,1.633045196533203125e+02
8.204028320312500000e+01,1.086200790405273438e+02,1.690871887207031250e+02,9.877184295654296875e+01,1.400421905517578125e+02,1.364620971679687500e+02,1.149647445678710938e+02,1.843108673095703125e+02,1.610587158203125000e+02,1.764868469238281250e+02
8.117893981933593750e+01,1.065924224853515625e+02,1.751618957519531250e+02,1.004425430297851562e+02,1.095252380371093750e+02,1.316998748779296875e+02,9.235380554199218750e+01,1.806241607666015625e+02,1.533120880126953125e+02,1.782445220947265625e+02
8.212466430664062500e+01,1.110909118652343750e+02,1.693524169921875000e+02,9.643711090087890625e+01,1.347789611816406250e+02,1.418467559814453125e+02,1.011716766357421875e+02,1.746681060791015625e+02,1.740296630859375000e+02,1.604660186767578125e+02
7.957341766357421875e+01,1.046184539794921875e+02,1.730309753417968750e+02,1.027058563232421875e+02,1.298874664306640625e+02,1.160539321899414062e+02,9.608859252929687500e+01,1.718811035156250000e+02,1.576322937011718750e+02,1.717217102050781250e+02
7.991176605224609375e+01,1.207214126586914062e+02,1.699769134521484375e+02,8.716152954101562500e+01,1.322424468994140625e+02,1.520781250000000000e+02,1.128260192871093750e+02,1.798969879150390625e+02,1.829385223388671875e+02,1.525878906250000000e+02
8.870951080322265625e+01,9.061386871337890625e+01,1.799250946044921875e+02,1.172351226806640625e+02,1.377105407714843750e+02,1.374183197021484375e+02,8.155699157714843750e+01,1.619384002685546875e+02,1.441347351074218750e+02,1.816449737548828125e+02
8.505081176757812500e+01,1.137549743652343750e+02,1.662882537841796875e+02,9.434223175048828125e+01,1.361570434570312500e+02,1.340831604003906250e+02,1.169885101318359375e+02,1.809543914794921875e+02,1.662838592529296875e+02,1.668085784912109375e+02
8.772358703613281250e+01,9.847747039794921875e+01,1.737698516845703125e+02,1.093565979003906250e+02,1.078215103149414062e+02,1.369148406982421875e+02,9.185765838623046875e+01,1.730811309814453125e+02,1.443911285400390625e+02,1.829445800781250000e+02
7.844563293457031250e+01,1.102273712158203125e+02,1.789039306640625000e+02,9.707093048095703125e+01,1.412649688720703125e+02,1.470934906005859375e+02,1.043002624511718750e+02,1.823416748046875000e+02,1.708856353759765625e+02,1.730484161376953125e+02
7.543151092529296875e+01,9.473516845703125000e+01,1.890702819824218750e+02,1.129489364624023438e+02,1.176878280639648438e+02,1.556780548095703125e+02,8.074888610839843750e+01,1.599641265869140625e+02,1.612224121093750000e+02,1.733662872314453125e+02
7.346559143066406250e+01,1.099673919677734375e+02,1.767975463867187500e+02,9.708646392822265625e+01,1.253007583618164062e+02,1.406904296875000000e+02,1.003270416259765625e+02,1.778118286132812500e+02,1.718199157714843750e+02,1.694026794433593750e+02
7.728939056396484375e+01,1.087405395507812500e+02,1.685895996093750000e+02,9.856230163574218750e+01,1.485218048095703125e+02,1.409678802490234375e+02,1.072373504638671875e+02,1.854801025390625000e+02,1.568351287841796875e+02,1.781203765869140625e+02
8.284136962890625000e+01,1.034966812133789062e+02,1.735103149414062500e+02,1.036653823852539062e+02,1.097192077636718750e+02,1.472468261718750000e+02,9.315655517578125000e+01,1.755264739990234375e+02,1.552531280517578125e+02,1.768094940185546875e+02
7.066875457763671875e+01,1.075689086914062500e+02,1.800143280029296875e+02,9.972338867187500000e+01,1.308718872070312500e+02,1.482273712158203125e+02,9.369858551025390625e+01,1.758936004638671875e+02,1.673723602294921875e+02,1.681373138427734375e+02
8.153989410400390625e+01,9.494515991210937500e+01,1.830425872802734375e+02,1.126815719604492188e+02,1.224989852905273438e+02,1.523519897460937500e+02,8.681561279296875000e+01,1.638749237060546875e+02,1.571526336669921875e+02,1.775043029785156250e+02
8.271988677978515625e+01,8.906234741210937500e+01,1.831793975830078125e+02,1.187070465087890625e+02,1.151376113891601562e+02,1.493780059814453125e+02,7.676419067382812500e+01,1.654498443603515625e+02,1.498485107421875000e+02,1.875655212402343750e+02
